"length","id","line","treat"
56.28,1,"MO001","Control"
52.71,1,"MO001","Control"
50.67,1,"MO001","Control"
43.84,1,"MO001","Control"
52.9,2,"MO001","Control"
54.31,2,"MO001","Control"
52.86,2,"MO001","Control"
48.83,2,"MO001","Control"
47.24,3,"MO001","Control"
45.03,3,"MO001","Control"
51.33,3,"MO001","Control"
51.59,3,"MO001","Control"
52.52,4,"MO001","Control"
44.26,4,"MO001","Control"
48.14,4,"MO001","Control"
NA,4,"MO001","Control"
54.38,5,"MO001","EOD-FR"
64.47,5,"MO001","EOD-FR"
56.83,5,"MO001","EOD-FR"
NA,5,"MO001","EOD-FR"
64.17,6,"MO001","EOD-FR"
58.69,6,"MO001","EOD-FR"
NA,6,"MO001","EOD-FR"
NA,6,"MO001","EOD-FR"
55.65,7,"MO001","EOD-FR"
55.69,7,"MO001","EOD-FR"
60.29,7,"MO001","EOD-FR"
57.3,7,"MO001","EOD-FR"
51.16,8,"MO001","EOD-FR"
55.08,8,"MO001","EOD-FR"
59.63,8,"MO001","EOD-FR"
NA,8,"MO001","EOD-FR"
54.4,9,"MO005","Control"
52.88,9,"MO005","Control"
66.43,9,"MO005","Control"
50.41,9,"MO005","Control"
61.93,10,"MO005","Control"
57.51,10,"MO005","Control"
57.11,10,"MO005","Control"
59.34,10,"MO005","Control"
59.28,11,"MO005","Control"
70.3,11,"MO005","Control"
68.51,11,"MO005","Control"
60.7,11,"MO005","Control"
44.38,12,"MO005","Control"
42.3,12,"MO005","Control"
45.59,12,"MO005","Control"
44.59,12,"MO005","Control"
88.85,13,"MO005","EOD-FR"
82.22,13,"MO005","EOD-FR"
72.01,13,"MO005","EOD-FR"
79.96,13,"MO005","EOD-FR"
83.05,14,"MO005","EOD-FR"
81.48,14,"MO005","EOD-FR"
68.11,14,"MO005","EOD-FR"
NA,14,"MO005","EOD-FR"
81.47,15,"MO005","EOD-FR"
77.35,15,"MO005","EOD-FR"
81.24,15,"MO005","EOD-FR"
65.65,15,"MO005","EOD-FR"
56.15,16,"MO005","EOD-FR"
57.86,16,"MO005","EOD-FR"
53.97,16,"MO005","EOD-FR"
57.38,16,"MO005","EOD-FR"
53.08,17,"MO007","Control"
50.59,17,"MO007","Control"
64.89,17,"MO007","Control"
51.21,17,"MO007","Control"
51.76,18,"MO007","Control"
44.27,18,"MO007","Control"
58.02,18,"MO007","Control"
51.99,18,"MO007","Control"
51.04,19,"MO007","Control"
54.43,19,"MO007","Control"
NA,19,"MO007","Control"
NA,19,"MO007","Control"
59.07,20,"MO007","Control"
57.16,20,"MO007","Control"
NA,20,"MO007","Control"
NA,20,"MO007","Control"
78.29,21,"MO007","EOD-FR"
NA,21,"MO007","EOD-FR"
NA,21,"MO007","EOD-FR"
NA,21,"MO007","EOD-FR"
63.45,22,"MO007","EOD-FR"
66.65,22,"MO007","EOD-FR"
68.87,22,"MO007","EOD-FR"
66.86,22,"MO007","EOD-FR"
73.88,23,"MO007","EOD-FR"
73.57,23,"MO007","EOD-FR"
68.04,23,"MO007","EOD-FR"
69.65,23,"MO007","EOD-FR"
73.22,24,"MO007","EOD-FR"
58.87,24,"MO007","EOD-FR"
55.55,24,"MO007","EOD-FR"
NA,24,"MO007","EOD-FR"
38.03,25,"MO008","Control"
48.21,25,"MO008","Control"
43.83,25,"MO008","Control"
46.03,25,"MO008","Control"
46.39,26,"MO008","Control"
47.2,26,"MO008","Control"
50.23,26,"MO008","Control"
NA,26,"MO008","Control"
47.45,27,"MO008","Control"
43.09,27,"MO008","Control"
44.07,27,"MO008","Control"
NA,27,"MO008","Control"
39.41,28,"MO008","Control"
38.85,28,"MO008","Control"
36.53,28,"MO008","Control"
38.25,28,"MO008","Control"
54.32,29,"MO008","EOD-FR"
53.91,29,"MO008","EOD-FR"
50.27,29,"MO008","EOD-FR"
NA,29,"MO008","EOD-FR"
55.62,30,"MO008","EOD-FR"
55.01,30,"MO008","EOD-FR"
57.45,30,"MO008","EOD-FR"
NA,30,"MO008","EOD-FR"
48.98,31,"MO008","EOD-FR"
44.69,31,"MO008","EOD-FR"
47.74,31,"MO008","EOD-FR"
46.56,31,"MO008","EOD-FR"
52.4,32,"MO008","EOD-FR"
51.02,32,"MO008","EOD-FR"
57.62,32,"MO008","EOD-FR"
54.31,32,"MO008","EOD-FR"
54.61,33,"MO012","Control"
NA,33,"MO012","Control"
NA,33,"MO012","Control"
NA,33,"MO012","Control"
56.95,34,"MO012","EOD-FR"
62.18,34,"MO012","EOD-FR"
60.54,34,"MO012","EOD-FR"
55.7,34,"MO012","EOD-FR"
54.95,35,"MO014","Control"
52.23,35,"MO014","Control"
62.04,35,"MO014","Control"
NA,35,"MO014","Control"
58.98,36,"MO014","Control"
62.54,36,"MO014","Control"
64.37,36,"MO014","Control"
56.06,36,"MO014","Control"
60.18,37,"MO014","Control"
56.63,37,"MO014","Control"
61.62,37,"MO014","Control"
43.75,37,"MO014","Control"
52.88,38,"MO014","Control"
59.91,38,"MO014","Control"
51.32,38,"MO014","Control"
55.62,38,"MO014","Control"
62.66,39,"MO014","EOD-FR"
44.36,39,"MO014","EOD-FR"
62.89,39,"MO014","EOD-FR"
61.87,39,"MO014","EOD-FR"
56.29,40,"MO014","EOD-FR"
66.12,40,"MO014","EOD-FR"
64.01,40,"MO014","EOD-FR"
65.08,40,"MO014","EOD-FR"
65.44,41,"MO014","EOD-FR"
64.04,41,"MO014","EOD-FR"
68.11,41,"MO014","EOD-FR"
NA,41,"MO014","EOD-FR"
61.27,42,"MO014","EOD-FR"
64.75,42,"MO014","EOD-FR"
54.73,42,"MO014","EOD-FR"
63.87,42,"MO014","EOD-FR"
66.34,43,"MO015","Control"
67.58,43,"MO015","Control"
58.27,43,"MO015","Control"
61.46,43,"MO015","Control"
66.44,44,"MO015","Control"
68.55,44,"MO015","Control"
60.71,44,"MO015","Control"
64.67,44,"MO015","Control"
55.41,45,"MO015","Control"
74.09,45,"MO015","Control"
67.12,45,"MO015","Control"
71.4,45,"MO015","Control"
56.96,46,"MO015","Control"
64.1,46,"MO015","Control"
65.83,46,"MO015","Control"
73.74,46,"MO015","Control"
73.55,47,"MO015","EOD-FR"
73.55,47,"MO015","EOD-FR"
74.37,47,"MO015","EOD-FR"
79.41,47,"MO015","EOD-FR"
82.23,48,"MO015","EOD-FR"
71.91,48,"MO015","EOD-FR"
73.38,48,"MO015","EOD-FR"
82.24,48,"MO015","EOD-FR"
72.73,49,"MO015","EOD-FR"
77.92,49,"MO015","EOD-FR"
79.23,49,"MO015","EOD-FR"
77.27,49,"MO015","EOD-FR"
79.35,50,"MO015","EOD-FR"
76.77,50,"MO015","EOD-FR"
79.28,50,"MO015","EOD-FR"
84.04,50,"MO015","EOD-FR"
55.36,51,"MO016","Control"
57.33,51,"MO016","Control"
NA,51,"MO016","Control"
NA,51,"MO016","Control"
49.9,52,"MO016","Control"
54.2,52,"MO016","Control"
47.87,52,"MO016","Control"
NA,52,"MO016","Control"
44.72,53,"MO016","Control"
NA,53,"MO016","Control"
NA,53,"MO016","Control"
NA,53,"MO016","Control"
52.35,54,"MO016","Control"
NA,54,"MO016","Control"
NA,54,"MO016","Control"
NA,54,"MO016","Control"
49.97,55,"MO016","EOD-FR"
54.83,55,"MO016","EOD-FR"
NA,55,"MO016","EOD-FR"
NA,55,"MO016","EOD-FR"
61.28,56,"MO016","EOD-FR"
62.82,56,"MO016","EOD-FR"
61.07,56,"MO016","EOD-FR"
NA,56,"MO016","EOD-FR"
50.32,57,"MO016","EOD-FR"
48.93,57,"MO016","EOD-FR"
NA,57,"MO016","EOD-FR"
NA,57,"MO016","EOD-FR"
45.35,58,"MO016","EOD-FR"
NA,58,"MO016","EOD-FR"
NA,58,"MO016","EOD-FR"
NA,58,"MO016","EOD-FR"
55.69,59,"MO017","Control"
57.28,59,"MO017","Control"
62.44,59,"MO017","Control"
49.4,59,"MO017","Control"
53.83,60,"MO017","Control"
69.8,60,"MO017","Control"
NA,60,"MO017","Control"
NA,60,"MO017","Control"
63.81,61,"MO017","Control"
59.61,61,"MO017","Control"
NA,61,"MO017","Control"
NA,61,"MO017","Control"
75.68,62,"MO017","EOD-FR"
NA,62,"MO017","EOD-FR"
NA,62,"MO017","EOD-FR"
NA,62,"MO017","EOD-FR"
69.47,63,"MO017","EOD-FR"
72.04,63,"MO017","EOD-FR"
74.3,63,"MO017","EOD-FR"
68.51,63,"MO017","EOD-FR"
66.88,64,"MO017","EOD-FR"
64.15,64,"MO017","EOD-FR"
73.61,64,"MO017","EOD-FR"
73.62,64,"MO017","EOD-FR"
67.29,65,"MO017","EOD-FR"
66.19,65,"MO017","EOD-FR"
65.56,65,"MO017","EOD-FR"
NA,65,"MO017","EOD-FR"
55.17,66,"MO021","Control"
51.24,66,"MO021","Control"
49.77,66,"MO021","Control"
48.97,66,"MO021","Control"
43.71,67,"MO021","Control"
56.76,67,"MO021","Control"
57.56,67,"MO021","Control"
60.02,67,"MO021","Control"
53.59,68,"MO021","Control"
48.51,68,"MO021","Control"
52.82,68,"MO021","Control"
NA,68,"MO021","Control"
57.45,69,"MO021","Control"
48.19,69,"MO021","Control"
57.52,69,"MO021","Control"
55.74,69,"MO021","Control"
50.28,70,"MO021","EOD-FR"
61.33,70,"MO021","EOD-FR"
55.21,70,"MO021","EOD-FR"
52.04,70,"MO021","EOD-FR"
58.47,71,"MO021","EOD-FR"
57.13,71,"MO021","EOD-FR"
62.64,71,"MO021","EOD-FR"
57.16,71,"MO021","EOD-FR"
48.61,72,"MO021","EOD-FR"
55.32,72,"MO021","EOD-FR"
54.89,72,"MO021","EOD-FR"
52.63,72,"MO021","EOD-FR"
47.03,73,"MO021","EOD-FR"
55.66,73,"MO021","EOD-FR"
58.33,73,"MO021","EOD-FR"
45.41,73,"MO021","EOD-FR"
40.52,74,"MO022","Control"
41.13,74,"MO022","Control"
NA,74,"MO022","Control"
NA,74,"MO022","Control"
46.12,75,"MO022","Control"
46.8,75,"MO022","Control"
NA,75,"MO022","Control"
NA,75,"MO022","Control"
45.09,76,"MO022","Control"
50.34,76,"MO022","Control"
46.56,76,"MO022","Control"
50.29,76,"MO022","Control"
54.15,77,"MO022","EOD-FR"
NA,77,"MO022","EOD-FR"
NA,77,"MO022","EOD-FR"
NA,77,"MO022","EOD-FR"
49.21,78,"MO022","EOD-FR"
51.5,78,"MO022","EOD-FR"
51.36,78,"MO022","EOD-FR"
NA,78,"MO022","EOD-FR"
50.82,79,"MO022","EOD-FR"
52.17,79,"MO022","EOD-FR"
52.41,79,"MO022","EOD-FR"
NA,79,"MO022","EOD-FR"
48.53,80,"MO022","EOD-FR"
55.58,80,"MO022","EOD-FR"
NA,80,"MO022","EOD-FR"
NA,80,"MO022","EOD-FR"
52.76,81,"MO023","Control"
50.84,81,"MO023","Control"
50.57,81,"MO023","Control"
NA,81,"MO023","Control"
52.19,82,"MO023","Control"
48.08,82,"MO023","Control"
NA,82,"MO023","Control"
NA,82,"MO023","Control"
47.22,83,"MO023","Control"
NA,83,"MO023","Control"
NA,83,"MO023","Control"
NA,83,"MO023","Control"
52.27,84,"MO023","Control"
NA,84,"MO023","Control"
NA,84,"MO023","Control"
NA,84,"MO023","Control"
58.78,85,"MO023","EOD-FR"
63.65,85,"MO023","EOD-FR"
56.65,85,"MO023","EOD-FR"
63.11,85,"MO023","EOD-FR"
55.28,86,"MO023","EOD-FR"
NA,86,"MO023","EOD-FR"
NA,86,"MO023","EOD-FR"
NA,86,"MO023","EOD-FR"
50.07,87,"MO024","Control"
47.9,87,"MO024","Control"
52.41,87,"MO024","Control"
56.22,87,"MO024","Control"
59.1,88,"MO024","Control"
53.09,88,"MO024","Control"
49.55,88,"MO024","Control"
56.21,88,"MO024","Control"
46.12,89,"MO024","Control"
46.59,89,"MO024","Control"
60.15,89,"MO024","Control"
53.74,89,"MO024","Control"
53.42,90,"MO024","Control"
50.76,90,"MO024","Control"
51.48,90,"MO024","Control"
NA,90,"MO024","Control"
59.54,91,"MO024","EOD-FR"
64.61,91,"MO024","EOD-FR"
69.52,91,"MO024","EOD-FR"
NA,91,"MO024","EOD-FR"
61.17,92,"MO024","EOD-FR"
53.84,92,"MO024","EOD-FR"
59.69,92,"MO024","EOD-FR"
58.62,92,"MO024","EOD-FR"
53.71,93,"MO024","EOD-FR"
60.97,93,"MO024","EOD-FR"
60.12,93,"MO024","EOD-FR"
57.21,93,"MO024","EOD-FR"
58.37,94,"MO024","EOD-FR"
56.65,94,"MO024","EOD-FR"
62.09,94,"MO024","EOD-FR"
NA,94,"MO024","EOD-FR"
52.94,95,"MO025","Control"
58.74,95,"MO025","Control"
58.29,95,"MO025","Control"
NA,95,"MO025","Control"
54.55,96,"MO025","Control"
52.55,96,"MO025","Control"
NA,96,"MO025","Control"
NA,96,"MO025","Control"
56.72,97,"MO025","Control"
50.15,97,"MO025","Control"
NA,97,"MO025","Control"
NA,97,"MO025","Control"
67.5,98,"MO025","EOD-FR"
69.79,98,"MO025","EOD-FR"
63.63,98,"MO025","EOD-FR"
62.74,98,"MO025","EOD-FR"
64.73,99,"MO025","EOD-FR"
66.23,99,"MO025","EOD-FR"
67.28,99,"MO025","EOD-FR"
NA,99,"MO025","EOD-FR"
61.44,100,"MO025","EOD-FR"
NA,100,"MO025","EOD-FR"
NA,100,"MO025","EOD-FR"
NA,100,"MO025","EOD-FR"
58.82,101,"MO027","Control"
68.42,101,"MO027","Control"
56.58,101,"MO027","Control"
NA,101,"MO027","Control"
73.71,102,"MO027","Control"
62.45,102,"MO027","Control"
NA,102,"MO027","Control"
NA,102,"MO027","Control"
54.78,103,"MO027","Control"
56.47,103,"MO027","Control"
58.89,103,"MO027","Control"
52.53,103,"MO027","Control"
63.62,104,"MO027","Control"
54.9,104,"MO027","Control"
52.65,104,"MO027","Control"
59.67,104,"MO027","Control"
61.35,105,"MO027","EOD-FR"
67.13,105,"MO027","EOD-FR"
61.44,105,"MO027","EOD-FR"
74.93,105,"MO027","EOD-FR"
69.4,106,"MO027","EOD-FR"
69.41,106,"MO027","EOD-FR"
69.41,106,"MO027","EOD-FR"
NA,106,"MO027","EOD-FR"
75.84,107,"MO027","EOD-FR"
66.88,107,"MO027","EOD-FR"
65.16,107,"MO027","EOD-FR"
NA,107,"MO027","EOD-FR"
66.9,108,"MO027","EOD-FR"
85.66,108,"MO027","EOD-FR"
61.88,108,"MO027","EOD-FR"
NA,108,"MO027","EOD-FR"
46.1,109,"MO028","Control"
36.46,109,"MO028","Control"
45.6,109,"MO028","Control"
45.04,109,"MO028","Control"
45.35,110,"MO028","Control"
41.34,110,"MO028","Control"
42.75,110,"MO028","Control"
NA,110,"MO028","Control"
52.03,111,"MO028","Control"
41.51,111,"MO028","Control"
47.01,111,"MO028","Control"
NA,111,"MO028","Control"
43.79,112,"MO028","Control"
53.75,112,"MO028","Control"
NA,112,"MO028","Control"
NA,112,"MO028","Control"
54.88,113,"MO028","EOD-FR"
52.51,113,"MO028","EOD-FR"
NA,113,"MO028","EOD-FR"
NA,113,"MO028","EOD-FR"
52.05,114,"MO028","EOD-FR"
44.77,114,"MO028","EOD-FR"
NA,114,"MO028","EOD-FR"
NA,114,"MO028","EOD-FR"
46.67,115,"MO028","EOD-FR"
60.5,115,"MO028","EOD-FR"
50.32,115,"MO028","EOD-FR"
NA,115,"MO028","EOD-FR"
54.81,116,"MO028","EOD-FR"
60.61,116,"MO028","EOD-FR"
48.38,116,"MO028","EOD-FR"
NA,116,"MO028","EOD-FR"
57.36,117,"MO029","Control"
60.19,117,"MO029","Control"
59.84,117,"MO029","Control"
NA,117,"MO029","Control"
60.63,118,"MO029","Control"
47.14,118,"MO029","Control"
59.68,118,"MO029","Control"
NA,118,"MO029","Control"
59.2,119,"MO029","Control"
56.79,119,"MO029","Control"
NA,119,"MO029","Control"
NA,119,"MO029","Control"
54.81,120,"MO029","Control"
50.89,120,"MO029","Control"
51.39,120,"MO029","Control"
48.48,120,"MO029","Control"
64.8,121,"MO029","EOD-FR"
65.93,121,"MO029","EOD-FR"
NA,121,"MO029","EOD-FR"
NA,121,"MO029","EOD-FR"
71.98,122,"MO029","EOD-FR"
72.25,122,"MO029","EOD-FR"
69.56,122,"MO029","EOD-FR"
67.5,122,"MO029","EOD-FR"
69.6,123,"MO029","EOD-FR"
68.86,123,"MO029","EOD-FR"
61.73,123,"MO029","EOD-FR"
73.34,123,"MO029","EOD-FR"
65.5,124,"MO029","EOD-FR"
67.71,124,"MO029","EOD-FR"
69.49,124,"MO029","EOD-FR"
65.21,124,"MO029","EOD-FR"
54.36,125,"MO030","Control"
57.87,125,"MO030","Control"
57.06,125,"MO030","Control"
NA,125,"MO030","Control"
54.94,126,"MO030","Control"
57.68,126,"MO030","Control"
49.19,126,"MO030","Control"
NA,126,"MO030","Control"
55.1,127,"MO030","Control"
48,127,"MO030","Control"
55.79,127,"MO030","Control"
NA,127,"MO030","Control"
52.57,128,"MO030","Control"
50.21,128,"MO030","Control"
50.96,128,"MO030","Control"
48.25,128,"MO030","Control"
58.87,129,"MO030","EOD-FR"
56.35,129,"MO030","EOD-FR"
57.49,129,"MO030","EOD-FR"
61.54,129,"MO030","EOD-FR"
46.66,130,"MO030","EOD-FR"
62.63,130,"MO030","EOD-FR"
59.88,130,"MO030","EOD-FR"
59,130,"MO030","EOD-FR"
48.31,131,"MO030","EOD-FR"
55.6,131,"MO030","EOD-FR"
NA,131,"MO030","EOD-FR"
NA,131,"MO030","EOD-FR"
59.43,132,"MO030","EOD-FR"
52.68,132,"MO030","EOD-FR"
56.62,132,"MO030","EOD-FR"
NA,132,"MO030","EOD-FR"
46.43,133,"MO031","Control"
53.22,133,"MO031","Control"
66.11,133,"MO031","Control"
NA,133,"MO031","Control"
59.6,134,"MO031","Control"
56.94,134,"MO031","Control"
56.95,134,"MO031","Control"
NA,134,"MO031","Control"
59.49,135,"MO031","Control"
53.65,135,"MO031","Control"
60.06,135,"MO031","Control"
NA,135,"MO031","Control"
60.42,136,"MO031","Control"
51.56,136,"MO031","Control"
NA,136,"MO031","Control"
NA,136,"MO031","Control"
62.33,137,"MO031","EOD-FR"
NA,137,"MO031","EOD-FR"
NA,137,"MO031","EOD-FR"
NA,137,"MO031","EOD-FR"
66.87,138,"MO031","EOD-FR"
72,138,"MO031","EOD-FR"
NA,138,"MO031","EOD-FR"
NA,138,"MO031","EOD-FR"
69.69,139,"MO031","EOD-FR"
72.36,139,"MO031","EOD-FR"
69.07,139,"MO031","EOD-FR"
71.22,139,"MO031","EOD-FR"
59.32,140,"MO031","EOD-FR"
63.27,140,"MO031","EOD-FR"
NA,140,"MO031","EOD-FR"
NA,140,"MO031","EOD-FR"
56.1,141,"MO032","Control"
59.08,141,"MO032","Control"
61.68,141,"MO032","Control"
NA,141,"MO032","Control"
63.33,142,"MO032","Control"
55.78,142,"MO032","Control"
NA,142,"MO032","Control"
NA,142,"MO032","Control"
57.86,143,"MO032","Control"
56.73,143,"MO032","Control"
NA,143,"MO032","Control"
NA,143,"MO032","Control"
57.84,144,"MO032","Control"
59.64,144,"MO032","Control"
NA,144,"MO032","Control"
NA,144,"MO032","Control"
71.27,145,"MO032","EOD-FR"
74.62,145,"MO032","EOD-FR"
76.46,145,"MO032","EOD-FR"
74.97,145,"MO032","EOD-FR"
80.85,146,"MO032","EOD-FR"
80.87,146,"MO032","EOD-FR"
78.93,146,"MO032","EOD-FR"
77.96,146,"MO032","EOD-FR"
50.11,147,"MO032","EOD-FR"
65.56,147,"MO032","EOD-FR"
65.71,147,"MO032","EOD-FR"
56.98,147,"MO032","EOD-FR"
65.58,148,"MO032","EOD-FR"
69.98,148,"MO032","EOD-FR"
74.58,148,"MO032","EOD-FR"
NA,148,"MO032","EOD-FR"
52.09,149,"MO033","Control"
54.38,149,"MO033","Control"
58.63,149,"MO033","Control"
50.46,149,"MO033","Control"
58.11,150,"MO033","Control"
49.46,150,"MO033","Control"
62.44,150,"MO033","Control"
NA,150,"MO033","Control"
53.07,151,"MO033","Control"
43.06,151,"MO033","Control"
49.86,151,"MO033","Control"
55.18,151,"MO033","Control"
48.17,152,"MO033","Control"
50.71,152,"MO033","Control"
49.59,152,"MO033","Control"
NA,152,"MO033","Control"
56.11,153,"MO033","EOD-FR"
59.02,153,"MO033","EOD-FR"
NA,153,"MO033","EOD-FR"
NA,153,"MO033","EOD-FR"
63.43,154,"MO033","EOD-FR"
58.68,154,"MO033","EOD-FR"
39.88,154,"MO033","EOD-FR"
46.59,154,"MO033","EOD-FR"
55.26,155,"MO033","EOD-FR"
54.59,155,"MO033","EOD-FR"
56.02,155,"MO033","EOD-FR"
NA,155,"MO033","EOD-FR"
60.7,156,"MO033","EOD-FR"
62.85,156,"MO033","EOD-FR"
NA,156,"MO033","EOD-FR"
NA,156,"MO033","EOD-FR"
41.59,157,"MO035","Control"
50.7,157,"MO035","Control"
46.45,157,"MO035","Control"
54.79,157,"MO035","Control"
48.15,158,"MO035","Control"
57.31,158,"MO035","Control"
NA,158,"MO035","Control"
NA,158,"MO035","Control"
49.13,159,"MO035","Control"
45.34,159,"MO035","Control"
54.95,159,"MO035","Control"
NA,159,"MO035","Control"
46.66,160,"MO035","Control"
45.53,160,"MO035","Control"
NA,160,"MO035","Control"
NA,160,"MO035","Control"
77.66,161,"MO035","EOD-FR"
NA,161,"MO035","EOD-FR"
NA,161,"MO035","EOD-FR"
NA,161,"MO035","EOD-FR"
53.93,162,"MO035","EOD-FR"
50.71,162,"MO035","EOD-FR"
68.4,162,"MO035","EOD-FR"
66.49,162,"MO035","EOD-FR"
70.89,163,"MO035","EOD-FR"
72.82,163,"MO035","EOD-FR"
70.3,163,"MO035","EOD-FR"
72.31,163,"MO035","EOD-FR"
58.67,164,"MO035","EOD-FR"
51.89,164,"MO035","EOD-FR"
50.6,164,"MO035","EOD-FR"
NA,164,"MO035","EOD-FR"
55.05,165,"MO039","Control"
60.34,165,"MO039","Control"
52.32,165,"MO039","Control"
55.78,165,"MO039","Control"
50.44,166,"MO039","Control"
48.12,166,"MO039","Control"
50.6,166,"MO039","Control"
NA,166,"MO039","Control"
51.41,167,"MO039","Control"
51.83,167,"MO039","Control"
46.78,167,"MO039","Control"
NA,167,"MO039","Control"
52.29,168,"MO039","Control"
48.25,168,"MO039","Control"
51.56,168,"MO039","Control"
NA,168,"MO039","Control"
65.61,169,"MO039","EOD-FR"
60.71,169,"MO039","EOD-FR"
57.9,169,"MO039","EOD-FR"
71.79,169,"MO039","EOD-FR"
56.74,170,"MO039","EOD-FR"
58.14,170,"MO039","EOD-FR"
50.34,170,"MO039","EOD-FR"
NA,170,"MO039","EOD-FR"
53.21,171,"MO039","EOD-FR"
61.4,171,"MO039","EOD-FR"
61.5,171,"MO039","EOD-FR"
65.69,171,"MO039","EOD-FR"
61.46,172,"MO039","EOD-FR"
66.17,172,"MO039","EOD-FR"
58.72,172,"MO039","EOD-FR"
NA,172,"MO039","EOD-FR"
45.76,173,"MO040","Control"
49.64,173,"MO040","Control"
61.63,173,"MO040","Control"
63.33,173,"MO040","Control"
68.62,174,"MO040","Control"
55.08,174,"MO040","Control"
69.36,174,"MO040","Control"
NA,174,"MO040","Control"
58.31,175,"MO040","Control"
57.22,175,"MO040","Control"
59.67,175,"MO040","Control"
NA,175,"MO040","Control"
65.76,176,"MO040","Control"
67.18,176,"MO040","Control"
NA,176,"MO040","Control"
NA,176,"MO040","Control"
61.38,177,"MO040","EOD-FR"
70,177,"MO040","EOD-FR"
63.24,177,"MO040","EOD-FR"
73.88,177,"MO040","EOD-FR"
67.28,178,"MO040","EOD-FR"
77.17,178,"MO040","EOD-FR"
70.62,178,"MO040","EOD-FR"
NA,178,"MO040","EOD-FR"
67.44,179,"MO040","EOD-FR"
68.87,179,"MO040","EOD-FR"
70.35,179,"MO040","EOD-FR"
NA,179,"MO040","EOD-FR"
63.42,180,"MO040","EOD-FR"
69.81,180,"MO040","EOD-FR"
66.2,180,"MO040","EOD-FR"
NA,180,"MO040","EOD-FR"
67.11,181,"MO043","Control"
62.99,181,"MO043","Control"
63.71,181,"MO043","Control"
NA,181,"MO043","Control"
81.98,182,"MO043","Control"
67.27,182,"MO043","Control"
78.28,182,"MO043","Control"
76.08,182,"MO043","Control"
71.72,183,"MO043","Control"
79.9,183,"MO043","Control"
59.98,183,"MO043","Control"
68.9,183,"MO043","Control"
69.07,184,"MO043","Control"
56.54,184,"MO043","Control"
77.79,184,"MO043","Control"
78.7,184,"MO043","Control"
67.09,185,"MO043","EOD-FR"
62.94,185,"MO043","EOD-FR"
78.48,185,"MO043","EOD-FR"
64.69,185,"MO043","EOD-FR"
87.53,186,"MO043","EOD-FR"
94.55,186,"MO043","EOD-FR"
88.47,186,"MO043","EOD-FR"
77.31,186,"MO043","EOD-FR"
79.74,187,"MO043","EOD-FR"
69.89,187,"MO043","EOD-FR"
71.67,187,"MO043","EOD-FR"
86.92,187,"MO043","EOD-FR"
90.54,188,"MO043","EOD-FR"
86.83,188,"MO043","EOD-FR"
86.06,188,"MO043","EOD-FR"
88.47,188,"MO043","EOD-FR"
57.63,189,"MO044","Control"
50.94,189,"MO044","Control"
NA,189,"MO044","Control"
NA,189,"MO044","Control"
48.09,190,"MO044","Control"
56.92,190,"MO044","Control"
56.25,190,"MO044","Control"
NA,190,"MO044","Control"
56.6,191,"MO044","Control"
50.91,191,"MO044","Control"
49.93,191,"MO044","Control"
55.52,191,"MO044","Control"
61.2,192,"MO044","EOD-FR"
61.2,192,"MO044","EOD-FR"
NA,192,"MO044","EOD-FR"
NA,192,"MO044","EOD-FR"
65.65,193,"MO044","EOD-FR"
64.96,193,"MO044","EOD-FR"
NA,193,"MO044","EOD-FR"
NA,193,"MO044","EOD-FR"
56.33,194,"MO044","EOD-FR"
58.71,194,"MO044","EOD-FR"
55.1,194,"MO044","EOD-FR"
NA,194,"MO044","EOD-FR"
39.58,195,"MO045","Control"
NA,195,"MO045","Control"
NA,195,"MO045","Control"
NA,195,"MO045","Control"
45.63,196,"MO045","Control"
37.96,196,"MO045","Control"
44.14,196,"MO045","Control"
NA,196,"MO045","Control"
43.96,197,"MO045","Control"
35.95,197,"MO045","Control"
NA,197,"MO045","Control"
NA,197,"MO045","Control"
53.2,198,"MO045","EOD-FR"
59.88,198,"MO045","EOD-FR"
NA,198,"MO045","EOD-FR"
NA,198,"MO045","EOD-FR"
53.84,199,"MO045","EOD-FR"
44.3,199,"MO045","EOD-FR"
NA,199,"MO045","EOD-FR"
NA,199,"MO045","EOD-FR"
48.88,200,"MO045","EOD-FR"
NA,200,"MO045","EOD-FR"
NA,200,"MO045","EOD-FR"
NA,200,"MO045","EOD-FR"
56.62,201,"MO046","Control"
54.9,201,"MO046","Control"
57.66,201,"MO046","Control"
43.72,201,"MO046","Control"
50.72,202,"MO046","Control"
48.33,202,"MO046","Control"
53.36,202,"MO046","Control"
57.78,202,"MO046","Control"
57.82,203,"MO046","Control"
46.74,203,"MO046","Control"
52.45,203,"MO046","Control"
41.11,203,"MO046","Control"
53.81,204,"MO046","Control"
51.49,204,"MO046","Control"
NA,204,"MO046","Control"
NA,204,"MO046","Control"
57.63,205,"MO046","EOD-FR"
69.75,205,"MO046","EOD-FR"
60.11,205,"MO046","EOD-FR"
70.33,205,"MO046","EOD-FR"
75.95,206,"MO046","EOD-FR"
63.5,206,"MO046","EOD-FR"
68.7,206,"MO046","EOD-FR"
60.95,206,"MO046","EOD-FR"
63.84,207,"MO046","EOD-FR"
65.36,207,"MO046","EOD-FR"
54.71,207,"MO046","EOD-FR"
61.25,207,"MO046","EOD-FR"
61.13,208,"MO046","EOD-FR"
59.44,208,"MO046","EOD-FR"
66.85,208,"MO046","EOD-FR"
65.82,208,"MO046","EOD-FR"
53.03,209,"MO048","Control"
55.39,209,"MO048","Control"
48.82,209,"MO048","Control"
NA,209,"MO048","Control"
57.9,210,"MO048","Control"
57.03,210,"MO048","Control"
58.76,210,"MO048","Control"
57.5,210,"MO048","Control"
55.53,211,"MO048","Control"
61.51,211,"MO048","Control"
60.16,211,"MO048","Control"
NA,211,"MO048","Control"
46.67,212,"MO048","Control"
50.25,212,"MO048","Control"
48.81,212,"MO048","Control"
46.1,212,"MO048","Control"
47.87,213,"MO048","EOD-FR"
60.89,213,"MO048","EOD-FR"
65.43,213,"MO048","EOD-FR"
NA,213,"MO048","EOD-FR"
71.04,214,"MO048","EOD-FR"
57,214,"MO048","EOD-FR"
NA,214,"MO048","EOD-FR"
NA,214,"MO048","EOD-FR"
70.87,215,"MO048","EOD-FR"
71.43,215,"MO048","EOD-FR"
70.46,215,"MO048","EOD-FR"
63.34,215,"MO048","EOD-FR"
61.61,216,"MO048","EOD-FR"
71.55,216,"MO048","EOD-FR"
63.03,216,"MO048","EOD-FR"
59.12,216,"MO048","EOD-FR"
64.71,217,"MO051","Control"
62.98,217,"MO051","Control"
59.92,217,"MO051","Control"
48.49,217,"MO051","Control"
54.51,218,"MO051","Control"
56.62,218,"MO051","Control"
70.22,218,"MO051","Control"
62.42,218,"MO051","Control"
55.88,219,"MO051","Control"
65.4,219,"MO051","Control"
55.44,219,"MO051","Control"
46.99,219,"MO051","Control"
57.37,220,"MO051","Control"
62.62,220,"MO051","Control"
71.68,220,"MO051","Control"
55.7,220,"MO051","Control"
72.27,221,"MO051","EOD-FR"
57.51,221,"MO051","EOD-FR"
76.92,221,"MO051","EOD-FR"
59.11,221,"MO051","EOD-FR"
68.67,222,"MO051","EOD-FR"
76.48,222,"MO051","EOD-FR"
54.09,222,"MO051","EOD-FR"
73.84,222,"MO051","EOD-FR"
69.51,223,"MO051","EOD-FR"
67.59,223,"MO051","EOD-FR"
NA,223,"MO051","EOD-FR"
NA,223,"MO051","EOD-FR"
76.69,224,"MO051","EOD-FR"
50.47,224,"MO051","EOD-FR"
68.79,224,"MO051","EOD-FR"
75.88,224,"MO051","EOD-FR"
40.53,225,"MO052","Control"
46.29,225,"MO052","Control"
47.42,225,"MO052","Control"
NA,225,"MO052","Control"
51.6,226,"MO052","Control"
55.48,226,"MO052","Control"
56.63,226,"MO052","Control"
48.24,226,"MO052","Control"
55.68,227,"MO052","Control"
50.79,227,"MO052","Control"
55.75,227,"MO052","Control"
NA,227,"MO052","Control"
56.11,228,"MO052","EOD-FR"
47.65,228,"MO052","EOD-FR"
52.04,228,"MO052","EOD-FR"
NA,228,"MO052","EOD-FR"
66.31,229,"MO052","EOD-FR"
68.15,229,"MO052","EOD-FR"
52.79,229,"MO052","EOD-FR"
NA,229,"MO052","EOD-FR"
59.02,230,"MO052","EOD-FR"
53.32,230,"MO052","EOD-FR"
58.61,230,"MO052","EOD-FR"
52.84,230,"MO052","EOD-FR"
60.02,231,"MO052","EOD-FR"
58.03,231,"MO052","EOD-FR"
53.43,231,"MO052","EOD-FR"
NA,231,"MO052","EOD-FR"
70.33,232,"MO054","Control"
61.73,232,"MO054","Control"
64.58,232,"MO054","Control"
70.98,232,"MO054","Control"
65.96,233,"MO054","Control"
59.1,233,"MO054","Control"
71.83,233,"MO054","Control"
73.88,233,"MO054","Control"
62.39,234,"MO054","Control"
73.65,234,"MO054","Control"
52.87,234,"MO054","Control"
64.84,234,"MO054","Control"
63.06,235,"MO054","Control"
61.1,235,"MO054","Control"
71.35,235,"MO054","Control"
NA,235,"MO054","Control"
67.89,236,"MO054","EOD-FR"
73.72,236,"MO054","EOD-FR"
77.31,236,"MO054","EOD-FR"
NA,236,"MO054","EOD-FR"
77.46,237,"MO054","EOD-FR"
62.87,237,"MO054","EOD-FR"
76.61,237,"MO054","EOD-FR"
75.43,237,"MO054","EOD-FR"
74.21,238,"MO054","EOD-FR"
62.98,238,"MO054","EOD-FR"
57.81,238,"MO054","EOD-FR"
NA,238,"MO054","EOD-FR"
72.77,239,"MO054","EOD-FR"
60.32,239,"MO054","EOD-FR"
69.74,239,"MO054","EOD-FR"
69.45,239,"MO054","EOD-FR"
53.88,240,"MO055","Control"
44.46,240,"MO055","Control"
NA,240,"MO055","Control"
NA,240,"MO055","Control"
44.11,241,"MO055","Control"
NA,241,"MO055","Control"
NA,241,"MO055","Control"
NA,241,"MO055","Control"
52.94,242,"MO055","Control"
NA,242,"MO055","Control"
NA,242,"MO055","Control"
NA,242,"MO055","Control"
65.19,243,"MO055","EOD-FR"
NA,243,"MO055","EOD-FR"
NA,243,"MO055","EOD-FR"
NA,243,"MO055","EOD-FR"
66.41,244,"MO055","EOD-FR"
58.31,244,"MO055","EOD-FR"
NA,244,"MO055","EOD-FR"
NA,244,"MO055","EOD-FR"
56.88,245,"MO055","EOD-FR"
60.86,245,"MO055","EOD-FR"
60.81,245,"MO055","EOD-FR"
63.94,245,"MO055","EOD-FR"
61.11,246,"MO055","EOD-FR"
65.27,246,"MO055","EOD-FR"
NA,246,"MO055","EOD-FR"
NA,246,"MO055","EOD-FR"
NA,247,"MO057","Control"
58.22,247,"MO057","Control"
62.03,247,"MO057","Control"
56.66,247,"MO057","Control"
62.33,248,"MO057","Control"
60.71,248,"MO057","Control"
63.9,248,"MO057","Control"
58.84,248,"MO057","Control"
59.23,249,"MO057","Control"
63.52,249,"MO057","Control"
54.58,249,"MO057","Control"
50.94,249,"MO057","Control"
41.62,250,"MO057","Control"
51.78,250,"MO057","Control"
NA,250,"MO057","Control"
NA,250,"MO057","Control"
61.62,251,"MO057","EOD-FR"
62.94,251,"MO057","EOD-FR"
63.82,251,"MO057","EOD-FR"
56.98,251,"MO057","EOD-FR"
62.13,252,"MO057","EOD-FR"
62.65,252,"MO057","EOD-FR"
65.53,252,"MO057","EOD-FR"
NA,252,"MO057","EOD-FR"
65.71,253,"MO057","EOD-FR"
55.93,253,"MO057","EOD-FR"
64.39,253,"MO057","EOD-FR"
63.05,253,"MO057","EOD-FR"
53.23,254,"MO057","EOD-FR"
64.38,254,"MO057","EOD-FR"
NA,254,"MO057","EOD-FR"
NA,254,"MO057","EOD-FR"
50.9,255,"MO058","Control"
39.33,255,"MO058","Control"
43.41,255,"MO058","Control"
NA,255,"MO058","Control"
55.43,256,"MO058","Control"
49.56,256,"MO058","Control"
57.45,256,"MO058","Control"
57.32,256,"MO058","Control"
57.59,257,"MO058","Control"
53.46,257,"MO058","Control"
48.01,257,"MO058","Control"
58.29,257,"MO058","Control"
47.3,258,"MO058","Control"
52.39,258,"MO058","Control"
48.85,258,"MO058","Control"
45.94,258,"MO058","Control"
54.1,259,"MO058","EOD-FR"
52.23,259,"MO058","EOD-FR"
55.29,259,"MO058","EOD-FR"
55.44,259,"MO058","EOD-FR"
61.05,260,"MO058","EOD-FR"
57.39,260,"MO058","EOD-FR"
64.52,260,"MO058","EOD-FR"
56.9,260,"MO058","EOD-FR"
54.67,261,"MO058","EOD-FR"
44.75,261,"MO058","EOD-FR"
55.5,261,"MO058","EOD-FR"
48.75,261,"MO058","EOD-FR"
53.77,262,"MO058","EOD-FR"
51.79,262,"MO058","EOD-FR"
59.74,262,"MO058","EOD-FR"
51.94,262,"MO058","EOD-FR"
29.96,263,"MO060","Control"
NA,263,"MO060","Control"
NA,263,"MO060","Control"
NA,263,"MO060","Control"
52.34,264,"MO060","Control"
62.69,264,"MO060","Control"
79.72,264,"MO060","Control"
NA,264,"MO060","Control"
60.58,265,"MO060","EOD-FR"
NA,265,"MO060","EOD-FR"
NA,265,"MO060","EOD-FR"
NA,265,"MO060","EOD-FR"
75.83,266,"MO060","EOD-FR"
NA,266,"MO060","EOD-FR"
NA,266,"MO060","EOD-FR"
NA,266,"MO060","EOD-FR"
65.66,267,"MO060","EOD-FR"
70.76,267,"MO060","EOD-FR"
NA,267,"MO060","EOD-FR"
NA,267,"MO060","EOD-FR"
67.22,268,"MO060","EOD-FR"
64.33,268,"MO060","EOD-FR"
NA,268,"MO060","EOD-FR"
NA,268,"MO060","EOD-FR"
45.98,269,"MO061","Control"
47.35,269,"MO061","Control"
NA,269,"MO061","Control"
NA,269,"MO061","Control"
55.75,270,"MO061","Control"
51.67,270,"MO061","Control"
NA,270,"MO061","Control"
NA,270,"MO061","Control"
55.89,271,"MO061","Control"
53.86,271,"MO061","Control"
NA,271,"MO061","Control"
NA,271,"MO061","Control"
56.76,272,"MO061","Control"
55.47,272,"MO061","Control"
NA,272,"MO061","Control"
NA,272,"MO061","Control"
55.88,273,"MO061","EOD-FR"
NA,273,"MO061","EOD-FR"
NA,273,"MO061","EOD-FR"
NA,273,"MO061","EOD-FR"
68.3,274,"MO061","EOD-FR"
68.26,274,"MO061","EOD-FR"
NA,274,"MO061","EOD-FR"
NA,274,"MO061","EOD-FR"
61.83,275,"MO061","EOD-FR"
55.15,275,"MO061","EOD-FR"
NA,275,"MO061","EOD-FR"
NA,275,"MO061","EOD-FR"
64.31,276,"MO061","EOD-FR"
62.01,276,"MO061","EOD-FR"
65.47,276,"MO061","EOD-FR"
56.67,276,"MO061","EOD-FR"
39.92,277,"MO066","Control"
45.28,277,"MO066","Control"
64.27,277,"MO066","Control"
47.19,277,"MO066","Control"
46.85,278,"MO066","Control"
52.48,278,"MO066","Control"
49,278,"MO066","Control"
53.53,278,"MO066","Control"
47.2,279,"MO066","Control"
52.04,279,"MO066","Control"
51.69,279,"MO066","Control"
49.03,279,"MO066","Control"
43.18,280,"MO066","Control"
50.38,280,"MO066","Control"
45.33,280,"MO066","Control"
46.76,280,"MO066","Control"
52.43,281,"MO066","EOD-FR"
52.36,281,"MO066","EOD-FR"
50.5,281,"MO066","EOD-FR"
51.57,281,"MO066","EOD-FR"
61.19,282,"MO066","EOD-FR"
57.08,282,"MO066","EOD-FR"
58.22,282,"MO066","EOD-FR"
NA,282,"MO066","EOD-FR"
53.9,283,"MO066","EOD-FR"
54.99,283,"MO066","EOD-FR"
46.91,283,"MO066","EOD-FR"
NA,283,"MO066","EOD-FR"
53.17,284,"MO066","EOD-FR"
54.21,284,"MO066","EOD-FR"
60.55,284,"MO066","EOD-FR"
55.1,284,"MO066","EOD-FR"
59.33,285,"MO067","Control"
47.25,285,"MO067","Control"
57.74,285,"MO067","Control"
NA,285,"MO067","Control"
64.27,286,"MO067","Control"
66.23,286,"MO067","Control"
59.45,286,"MO067","Control"
62.76,286,"MO067","Control"
60.82,287,"MO067","Control"
57.53,287,"MO067","Control"
65.89,287,"MO067","Control"
NA,287,"MO067","Control"
53.58,288,"MO067","Control"
67.45,288,"MO067","Control"
69.21,288,"MO067","Control"
61.39,288,"MO067","Control"
67.27,289,"MO067","EOD-FR"
65.95,289,"MO067","EOD-FR"
65.59,289,"MO067","EOD-FR"
67.79,289,"MO067","EOD-FR"
63.15,290,"MO067","EOD-FR"
56.69,290,"MO067","EOD-FR"
66.49,290,"MO067","EOD-FR"
67.7,290,"MO067","EOD-FR"
66.27,291,"MO067","EOD-FR"
NA,291,"MO067","EOD-FR"
NA,291,"MO067","EOD-FR"
NA,291,"MO067","EOD-FR"
57.18,292,"MO074","Control"
51.87,292,"MO074","Control"
53.66,292,"MO074","Control"
NA,292,"MO074","Control"
44.51,293,"MO074","Control"
NA,293,"MO074","Control"
NA,293,"MO074","Control"
NA,293,"MO074","Control"
46.03,294,"MO074","Control"
47.69,294,"MO074","Control"
48.69,294,"MO074","Control"
44.52,294,"MO074","Control"
49.11,295,"MO074","Control"
NA,295,"MO074","Control"
NA,295,"MO074","Control"
NA,295,"MO074","Control"
47.54,296,"MO074","EOD-FR"
48.83,296,"MO074","EOD-FR"
NA,296,"MO074","EOD-FR"
NA,296,"MO074","EOD-FR"
47.17,297,"MO074","EOD-FR"
NA,297,"MO074","EOD-FR"
NA,297,"MO074","EOD-FR"
NA,297,"MO074","EOD-FR"
57.48,298,"MO074","EOD-FR"
58.33,298,"MO074","EOD-FR"
58.22,298,"MO074","EOD-FR"
59.12,298,"MO074","EOD-FR"
59.14,299,"MO074","EOD-FR"
54.95,299,"MO074","EOD-FR"
58.46,299,"MO074","EOD-FR"
57.91,299,"MO074","EOD-FR"
55.93,300,"MO075","Control"
43.96,300,"MO075","Control"
NA,300,"MO075","Control"
NA,300,"MO075","Control"
67.23,301,"MO075","Control"
59.26,301,"MO075","Control"
55.47,301,"MO075","Control"
58.37,301,"MO075","Control"
54.73,302,"MO075","Control"
47.67,302,"MO075","Control"
47.13,302,"MO075","Control"
NA,302,"MO075","Control"
56.81,303,"MO075","Control"
59.45,303,"MO075","Control"
61.89,303,"MO075","Control"
53.54,303,"MO075","Control"
52.92,304,"MO075","EOD-FR"
62.44,304,"MO075","EOD-FR"
71.38,304,"MO075","EOD-FR"
67.65,304,"MO075","EOD-FR"
62.9,305,"MO075","EOD-FR"
62.68,305,"MO075","EOD-FR"
64.18,305,"MO075","EOD-FR"
64.95,305,"MO075","EOD-FR"
67.47,306,"MO075","EOD-FR"
61.1,306,"MO075","EOD-FR"
63.61,306,"MO075","EOD-FR"
71.34,306,"MO075","EOD-FR"
47.47,307,"MO075","EOD-FR"
50.15,307,"MO075","EOD-FR"
52.48,307,"MO075","EOD-FR"
NA,307,"MO075","EOD-FR"
51.4,308,"MO076","Control"
NA,308,"MO076","Control"
NA,308,"MO076","Control"
NA,308,"MO076","Control"
65.46,309,"MO076","EOD-FR"
NA,309,"MO076","EOD-FR"
NA,309,"MO076","EOD-FR"
NA,309,"MO076","EOD-FR"
60.79,310,"MO076","EOD-FR"
NA,310,"MO076","EOD-FR"
NA,310,"MO076","EOD-FR"
NA,310,"MO076","EOD-FR"
54.68,311,"MO077","Control"
47.61,311,"MO077","Control"
NA,311,"MO077","Control"
NA,311,"MO077","Control"
54.75,312,"MO077","Control"
56.93,312,"MO077","Control"
NA,312,"MO077","Control"
NA,312,"MO077","Control"
65.85,313,"MO077","Control"
49.2,313,"MO077","Control"
51.75,313,"MO077","Control"
NA,313,"MO077","Control"
83.26,314,"MO077","EOD-FR"
61.98,314,"MO077","EOD-FR"
NA,314,"MO077","EOD-FR"
NA,314,"MO077","EOD-FR"
70.61,315,"MO077","EOD-FR"
74.61,315,"MO077","EOD-FR"
74.75,315,"MO077","EOD-FR"
71.63,315,"MO077","EOD-FR"
67.37,316,"MO077","EOD-FR"
67.26,316,"MO077","EOD-FR"
NA,316,"MO077","EOD-FR"
NA,316,"MO077","EOD-FR"
75.03,317,"MO077","EOD-FR"
82.39,317,"MO077","EOD-FR"
NA,317,"MO077","EOD-FR"
NA,317,"MO077","EOD-FR"
60.26,318,"MO079","Control"
59.61,318,"MO079","Control"
63.23,318,"MO079","Control"
69.06,318,"MO079","Control"
64.97,319,"MO079","Control"
60.15,319,"MO079","Control"
54.89,319,"MO079","Control"
60.37,319,"MO079","Control"
59.37,320,"MO079","Control"
50.43,320,"MO079","Control"
61.21,320,"MO079","Control"
56.39,320,"MO079","Control"
60.95,321,"MO079","Control"
57.31,321,"MO079","Control"
56.95,321,"MO079","Control"
NA,321,"MO079","Control"
73.58,322,"MO079","EOD-FR"
66.99,322,"MO079","EOD-FR"
62.52,322,"MO079","EOD-FR"
71.01,322,"MO079","EOD-FR"
65.58,323,"MO079","EOD-FR"
68.36,323,"MO079","EOD-FR"
71.12,323,"MO079","EOD-FR"
66.94,323,"MO079","EOD-FR"
65.23,324,"MO079","EOD-FR"
59.05,324,"MO079","EOD-FR"
63.83,324,"MO079","EOD-FR"
NA,324,"MO079","EOD-FR"
59.89,325,"MO079","EOD-FR"
61.28,325,"MO079","EOD-FR"
59.41,325,"MO079","EOD-FR"
69.58,325,"MO079","EOD-FR"
65.35,326,"MO262","Control"
59.42,326,"MO262","Control"
58.02,326,"MO262","Control"
64.51,326,"MO262","Control"
56.26,327,"MO262","Control"
59.1,327,"MO262","Control"
62.1,327,"MO262","Control"
50.62,327,"MO262","Control"
58.79,328,"MO262","Control"
62.75,328,"MO262","Control"
58.58,328,"MO262","Control"
59.9,328,"MO262","Control"
58.69,329,"MO262","Control"
60.52,329,"MO262","Control"
64.59,329,"MO262","Control"
57.9,329,"MO262","Control"
82.17,330,"MO262","EOD-FR"
74.32,330,"MO262","EOD-FR"
76.6,330,"MO262","EOD-FR"
NA,330,"MO262","EOD-FR"
81.3,331,"MO262","EOD-FR"
83.2,331,"MO262","EOD-FR"
77.8,331,"MO262","EOD-FR"
69.02,331,"MO262","EOD-FR"
76.76,332,"MO262","EOD-FR"
76.77,332,"MO262","EOD-FR"
76.77,332,"MO262","EOD-FR"
75.06,332,"MO262","EOD-FR"
75.07,333,"MO262","EOD-FR"
73.25,333,"MO262","EOD-FR"
80,333,"MO262","EOD-FR"
77.13,333,"MO262","EOD-FR"
33.84,334,"MO264","Control"
38.51,334,"MO264","Control"
NA,334,"MO264","Control"
NA,334,"MO264","Control"
35.93,335,"MO264","Control"
41.54,335,"MO264","Control"
45.67,335,"MO264","Control"
41.25,335,"MO264","Control"
48.28,336,"MO264","Control"
40.81,336,"MO264","Control"
40.04,336,"MO264","Control"
40.04,336,"MO264","Control"
42.24,337,"MO264","Control"
39.3,337,"MO264","Control"
NA,337,"MO264","Control"
NA,337,"MO264","Control"
48.6,338,"MO264","EOD-FR"
38.93,338,"MO264","EOD-FR"
NA,338,"MO264","EOD-FR"
NA,338,"MO264","EOD-FR"
51.58,339,"MO264","EOD-FR"
49.57,339,"MO264","EOD-FR"
50.88,339,"MO264","EOD-FR"
49.51,339,"MO264","EOD-FR"
47.17,340,"MO264","EOD-FR"
43.47,340,"MO264","EOD-FR"
46.88,340,"MO264","EOD-FR"
NA,340,"MO264","EOD-FR"
41.85,341,"MO264","EOD-FR"
44.14,341,"MO264","EOD-FR"
43.83,341,"MO264","EOD-FR"
44.54,341,"MO264","EOD-FR"
53.91,342,"MO265","Control"
39.43,342,"MO265","Control"
NA,342,"MO265","Control"
NA,342,"MO265","Control"
50.06,343,"MO265","Control"
52.97,343,"MO265","Control"
NA,343,"MO265","Control"
NA,343,"MO265","Control"
51.87,344,"MO265","Control"
45.83,344,"MO265","Control"
NA,344,"MO265","Control"
NA,344,"MO265","Control"
48.84,345,"MO265","Control"
52.06,345,"MO265","Control"
51.65,345,"MO265","Control"
NA,345,"MO265","Control"
54.96,346,"MO265","EOD-FR"
52.15,346,"MO265","EOD-FR"
58.07,346,"MO265","EOD-FR"
NA,346,"MO265","EOD-FR"
54.33,347,"MO265","EOD-FR"
50.97,347,"MO265","EOD-FR"
NA,347,"MO265","EOD-FR"
NA,347,"MO265","EOD-FR"
40.86,348,"MO265","EOD-FR"
50.48,348,"MO265","EOD-FR"
61.11,348,"MO265","EOD-FR"
58.87,348,"MO265","EOD-FR"
40.3,349,"MO266","Control"
49.32,349,"MO266","Control"
44.97,349,"MO266","Control"
NA,349,"MO266","Control"
39.96,350,"MO266","Control"
44.69,350,"MO266","Control"
47.04,350,"MO266","Control"
45.41,350,"MO266","Control"
50.48,351,"MO266","Control"
46.91,351,"MO266","Control"
49.69,351,"MO266","Control"
43.22,351,"MO266","Control"
42.98,352,"MO266","Control"
50.2,352,"MO266","Control"
49.65,352,"MO266","Control"
45.38,352,"MO266","Control"
54.12,353,"MO266","EOD-FR"
54.63,353,"MO266","EOD-FR"
NA,353,"MO266","EOD-FR"
NA,353,"MO266","EOD-FR"
62.12,354,"MO266","EOD-FR"
66.07,354,"MO266","EOD-FR"
63.75,354,"MO266","EOD-FR"
NA,354,"MO266","EOD-FR"
62.59,355,"MO266","EOD-FR"
60.81,355,"MO266","EOD-FR"
51.9,355,"MO266","EOD-FR"
54.66,355,"MO266","EOD-FR"
55.45,356,"MO266","EOD-FR"
53.17,356,"MO266","EOD-FR"
59.15,356,"MO266","EOD-FR"
53.12,356,"MO266","EOD-FR"
45.69,357,"MO267","Control"
51.5,357,"MO267","Control"
NA,357,"MO267","Control"
NA,357,"MO267","Control"
60.81,358,"MO267","Control"
63.75,358,"MO267","Control"
59.55,358,"MO267","Control"
NA,358,"MO267","Control"
50.69,359,"MO267","Control"
44.94,359,"MO267","Control"
NA,359,"MO267","Control"
NA,359,"MO267","Control"
57.98,360,"MO267","EOD-FR"
NA,360,"MO267","EOD-FR"
NA,360,"MO267","EOD-FR"
NA,360,"MO267","EOD-FR"
70.33,361,"MO267","EOD-FR"
68.18,361,"MO267","EOD-FR"
63.32,361,"MO267","EOD-FR"
NA,361,"MO267","EOD-FR"
61.69,362,"MO267","EOD-FR"
62.68,362,"MO267","EOD-FR"
NA,362,"MO267","EOD-FR"
NA,362,"MO267","EOD-FR"
60.3,363,"MO267","EOD-FR"
67.55,363,"MO267","EOD-FR"
NA,363,"MO267","EOD-FR"
NA,363,"MO267","EOD-FR"
47.12,364,"MO269","Control"
34.35,364,"MO269","Control"
NA,364,"MO269","Control"
NA,364,"MO269","Control"
52.01,365,"MO269","Control"
54.2,365,"MO269","Control"
54,365,"MO269","Control"
53.25,365,"MO269","Control"
52.81,366,"MO269","Control"
53.75,366,"MO269","Control"
49.08,366,"MO269","Control"
NA,366,"MO269","Control"
50.17,367,"MO269","Control"
53.09,367,"MO269","Control"
NA,367,"MO269","Control"
NA,367,"MO269","Control"
46.67,368,"MO269","EOD-FR"
61.86,368,"MO269","EOD-FR"
NA,368,"MO269","EOD-FR"
NA,368,"MO269","EOD-FR"
66.34,369,"MO269","EOD-FR"
54.28,369,"MO269","EOD-FR"
63.52,369,"MO269","EOD-FR"
62.09,369,"MO269","EOD-FR"
59.28,370,"MO269","EOD-FR"
57.94,370,"MO269","EOD-FR"
59.71,370,"MO269","EOD-FR"
63.7,370,"MO269","EOD-FR"
60.21,371,"MO269","EOD-FR"
65.62,371,"MO269","EOD-FR"
62.58,371,"MO269","EOD-FR"
NA,371,"MO269","EOD-FR"
52.49,372,"MO272","Control"
57.77,372,"MO272","Control"
NA,372,"MO272","Control"
NA,372,"MO272","Control"
72.47,373,"MO272","Control"
61.6,373,"MO272","Control"
61.34,373,"MO272","Control"
NA,373,"MO272","Control"
57.95,374,"MO272","Control"
NA,374,"MO272","Control"
NA,374,"MO272","Control"
NA,374,"MO272","Control"
52.73,375,"MO272","Control"
46.63,375,"MO272","Control"
49.79,375,"MO272","Control"
NA,375,"MO272","Control"
71.24,376,"MO272","EOD-FR"
52.65,376,"MO272","EOD-FR"
68.37,376,"MO272","EOD-FR"
NA,376,"MO272","EOD-FR"
60.95,377,"MO272","EOD-FR"
68.52,377,"MO272","EOD-FR"
72.55,377,"MO272","EOD-FR"
68.83,377,"MO272","EOD-FR"
65.21,378,"MO272","EOD-FR"
63.27,378,"MO272","EOD-FR"
69.38,378,"MO272","EOD-FR"
59.09,378,"MO272","EOD-FR"
56.29,379,"MO272","EOD-FR"
55.14,379,"MO272","EOD-FR"
62.34,379,"MO272","EOD-FR"
NA,379,"MO272","EOD-FR"
40.12,380,"MO275","Control"
40.01,380,"MO275","Control"
NA,380,"MO275","Control"
NA,380,"MO275","Control"
56.72,381,"MO275","Control"
50.5,381,"MO275","Control"
44.94,381,"MO275","Control"
NA,381,"MO275","Control"
51.01,382,"MO275","Control"
53.46,382,"MO275","Control"
50.29,382,"MO275","Control"
NA,382,"MO275","Control"
50.69,383,"MO275","Control"
NA,383,"MO275","Control"
NA,383,"MO275","Control"
NA,383,"MO275","Control"
52.47,384,"MO275","EOD-FR"
NA,384,"MO275","EOD-FR"
NA,384,"MO275","EOD-FR"
NA,384,"MO275","EOD-FR"
61,385,"MO275","EOD-FR"
65.37,385,"MO275","EOD-FR"
58.95,385,"MO275","EOD-FR"
59.44,385,"MO275","EOD-FR"
57.75,386,"MO275","EOD-FR"
54.37,386,"MO275","EOD-FR"
62.72,386,"MO275","EOD-FR"
NA,386,"MO275","EOD-FR"
54.45,387,"MO275","EOD-FR"
60.55,387,"MO275","EOD-FR"
NA,387,"MO275","EOD-FR"
NA,387,"MO275","EOD-FR"
37.43,388,"MO276","Control"
40.54,388,"MO276","Control"
NA,388,"MO276","Control"
NA,388,"MO276","Control"
43.29,389,"MO276","Control"
43.44,389,"MO276","Control"
45.82,389,"MO276","Control"
NA,389,"MO276","Control"
46.99,390,"MO276","Control"
45.27,390,"MO276","Control"
45.27,390,"MO276","Control"
NA,390,"MO276","Control"
51.97,391,"MO276","EOD-FR"
NA,391,"MO276","EOD-FR"
NA,391,"MO276","EOD-FR"
NA,391,"MO276","EOD-FR"
53.07,392,"MO276","EOD-FR"
46,392,"MO276","EOD-FR"
48.27,392,"MO276","EOD-FR"
52.58,392,"MO276","EOD-FR"
58.63,393,"MO276","EOD-FR"
44.3,393,"MO276","EOD-FR"
46.56,393,"MO276","EOD-FR"
43.34,393,"MO276","EOD-FR"
48.43,394,"MO281","Control"
NA,394,"MO281","Control"
NA,394,"MO281","Control"
NA,394,"MO281","Control"
42.46,395,"MO281","Control"
48.47,395,"MO281","Control"
46.75,395,"MO281","Control"
45.99,395,"MO281","Control"
42.64,396,"MO281","Control"
42.64,396,"MO281","Control"
39.99,396,"MO281","Control"
NA,396,"MO281","Control"
49.69,397,"MO281","Control"
40.61,397,"MO281","Control"
NA,397,"MO281","Control"
NA,397,"MO281","Control"
54.93,398,"MO281","EOD-FR"
48.2,398,"MO281","EOD-FR"
NA,398,"MO281","EOD-FR"
NA,398,"MO281","EOD-FR"
66.7,399,"MO281","EOD-FR"
61.65,399,"MO281","EOD-FR"
69.34,399,"MO281","EOD-FR"
57.24,399,"MO281","EOD-FR"
56.25,400,"MO281","EOD-FR"
63.05,400,"MO281","EOD-FR"
56.29,400,"MO281","EOD-FR"
NA,400,"MO281","EOD-FR"
56.86,401,"MO281","EOD-FR"
57.86,401,"MO281","EOD-FR"
51.36,401,"MO281","EOD-FR"
59.18,401,"MO281","EOD-FR"
65.67,402,"MO284","Control"
61.35,402,"MO284","Control"
NA,402,"MO284","Control"
NA,402,"MO284","Control"
66.59,403,"MO284","Control"
69.14,403,"MO284","Control"
69.14,403,"MO284","Control"
78.94,403,"MO284","Control"
61.9,404,"MO284","Control"
59.97,404,"MO284","Control"
53.58,404,"MO284","Control"
NA,404,"MO284","Control"
69.19,405,"MO284","Control"
60.87,405,"MO284","Control"
63.49,405,"MO284","Control"
NA,405,"MO284","Control"
70.68,406,"MO284","EOD-FR"
NA,406,"MO284","EOD-FR"
NA,406,"MO284","EOD-FR"
NA,406,"MO284","EOD-FR"
82.37,407,"MO284","EOD-FR"
73.1,407,"MO284","EOD-FR"
76.37,407,"MO284","EOD-FR"
NA,407,"MO284","EOD-FR"
67.41,408,"MO284","EOD-FR"
67.61,408,"MO284","EOD-FR"
73.38,408,"MO284","EOD-FR"
NA,408,"MO284","EOD-FR"
63.44,409,"MO284","EOD-FR"
55.99,409,"MO284","EOD-FR"
NA,409,"MO284","EOD-FR"
NA,409,"MO284","EOD-FR"
67.33,410,"MO287","Control"
71.01,410,"MO287","Control"
64.07,410,"MO287","Control"
56.64,410,"MO287","Control"
64,411,"MO287","Control"
72.81,411,"MO287","Control"
68.56,411,"MO287","Control"
70.38,411,"MO287","Control"
70.62,412,"MO287","Control"
67.42,412,"MO287","Control"
61.93,412,"MO287","Control"
59.93,412,"MO287","Control"
67.29,413,"MO287","Control"
60.35,413,"MO287","Control"
69.83,413,"MO287","Control"
55.42,413,"MO287","Control"
66.43,414,"MO287","EOD-FR"
74.07,414,"MO287","EOD-FR"
76.43,414,"MO287","EOD-FR"
NA,414,"MO287","EOD-FR"
72.8,415,"MO287","EOD-FR"
85.46,415,"MO287","EOD-FR"
74.93,415,"MO287","EOD-FR"
NA,415,"MO287","EOD-FR"
72.17,416,"MO287","EOD-FR"
68.54,416,"MO287","EOD-FR"
70.96,416,"MO287","EOD-FR"
73.5,416,"MO287","EOD-FR"
63.17,417,"MO287","EOD-FR"
69.04,417,"MO287","EOD-FR"
69.79,417,"MO287","EOD-FR"
66.7,417,"MO287","EOD-FR"
50.08,418,"MO288","Control"
59.61,418,"MO288","Control"
53.31,418,"MO288","Control"
NA,418,"MO288","Control"
63.95,419,"MO288","Control"
49.8,419,"MO288","Control"
51.24,419,"MO288","Control"
NA,419,"MO288","Control"
44.56,420,"MO288","Control"
43.27,420,"MO288","Control"
54.22,420,"MO288","Control"
49.89,420,"MO288","Control"
50.2,421,"MO288","Control"
40.78,421,"MO288","Control"
36.51,421,"MO288","Control"
40.61,421,"MO288","Control"
49.03,422,"MO288","EOD-FR"
65.75,422,"MO288","EOD-FR"
59.04,422,"MO288","EOD-FR"
NA,422,"MO288","EOD-FR"
64.07,423,"MO288","EOD-FR"
57.91,423,"MO288","EOD-FR"
59.76,423,"MO288","EOD-FR"
68.3,423,"MO288","EOD-FR"
56.44,424,"MO288","EOD-FR"
62.81,424,"MO288","EOD-FR"
61.08,424,"MO288","EOD-FR"
60.09,424,"MO288","EOD-FR"
57.47,425,"MO288","EOD-FR"
64.11,425,"MO288","EOD-FR"
NA,425,"MO288","EOD-FR"
NA,425,"MO288","EOD-FR"
48.73,426,"MO296","Control"
49.49,426,"MO296","Control"
NA,426,"MO296","Control"
NA,426,"MO296","Control"
48.35,427,"MO296","Control"
47.76,427,"MO296","Control"
NA,427,"MO296","Control"
NA,427,"MO296","Control"
30.75,428,"MO296","Control"
NA,428,"MO296","Control"
NA,428,"MO296","Control"
NA,428,"MO296","Control"
57.19,429,"MO296","EOD-FR"
NA,429,"MO296","EOD-FR"
NA,429,"MO296","EOD-FR"
NA,429,"MO296","EOD-FR"
61.11,430,"MO296","EOD-FR"
56.87,430,"MO296","EOD-FR"
55.33,430,"MO296","EOD-FR"
NA,430,"MO296","EOD-FR"
57.69,431,"MO296","EOD-FR"
57.13,431,"MO296","EOD-FR"
NA,431,"MO296","EOD-FR"
NA,431,"MO296","EOD-FR"
56.95,432,"MO296","EOD-FR"
NA,432,"MO296","EOD-FR"
NA,432,"MO296","EOD-FR"
NA,432,"MO296","EOD-FR"
50.09,433,"MO297","Control"
52.53,433,"MO297","Control"
44.34,433,"MO297","Control"
NA,433,"MO297","Control"
48.1,434,"MO297","Control"
57.5,434,"MO297","Control"
60.84,434,"MO297","Control"
57.52,434,"MO297","Control"
53.82,435,"MO297","Control"
53.65,435,"MO297","Control"
53.61,435,"MO297","Control"
NA,435,"MO297","Control"
48.99,436,"MO297","Control"
47.66,436,"MO297","Control"
49.14,436,"MO297","Control"
49.15,436,"MO297","Control"
59.03,437,"MO297","EOD-FR"
62.02,437,"MO297","EOD-FR"
NA,437,"MO297","EOD-FR"
NA,437,"MO297","EOD-FR"
65.3,438,"MO297","EOD-FR"
66.94,438,"MO297","EOD-FR"
64.08,438,"MO297","EOD-FR"
NA,438,"MO297","EOD-FR"
62.57,439,"MO297","EOD-FR"
58.93,439,"MO297","EOD-FR"
60.54,439,"MO297","EOD-FR"
NA,439,"MO297","EOD-FR"
56.83,440,"MO297","EOD-FR"
63.58,440,"MO297","EOD-FR"
61.27,440,"MO297","EOD-FR"
60.16,440,"MO297","EOD-FR"
45.77,441,"MO298","Control"
46.08,441,"MO298","Control"
47.93,441,"MO298","Control"
NA,441,"MO298","Control"
55.99,442,"MO298","Control"
52.96,442,"MO298","Control"
54.67,442,"MO298","Control"
47.98,442,"MO298","Control"
50.27,443,"MO298","Control"
48.56,443,"MO298","Control"
NA,443,"MO298","Control"
NA,443,"MO298","Control"
49.32,444,"MO298","Control"
54.14,444,"MO298","Control"
44.26,444,"MO298","Control"
49.3,444,"MO298","Control"
56.52,445,"MO298","EOD-FR"
58.81,445,"MO298","EOD-FR"
63.16,445,"MO298","EOD-FR"
54.07,445,"MO298","EOD-FR"
61.91,446,"MO298","EOD-FR"
60.49,446,"MO298","EOD-FR"
59.85,446,"MO298","EOD-FR"
60.55,446,"MO298","EOD-FR"
58.29,447,"MO298","EOD-FR"
56.17,447,"MO298","EOD-FR"
NA,447,"MO298","EOD-FR"
NA,447,"MO298","EOD-FR"
48.56,448,"MO298","EOD-FR"
50.32,448,"MO298","EOD-FR"
52.75,448,"MO298","EOD-FR"
52.63,448,"MO298","EOD-FR"
34.01,449,"MO309","Control"
NA,449,"MO309","Control"
NA,449,"MO309","Control"
NA,449,"MO309","Control"
41.9,450,"MO309","Control"
50.32,450,"MO309","Control"
NA,450,"MO309","Control"
NA,450,"MO309","Control"
53.38,451,"MO309","Control"
47.46,451,"MO309","Control"
46.47,451,"MO309","Control"
51.59,451,"MO309","Control"
54.19,452,"MO309","Control"
53.47,452,"MO309","Control"
42.56,452,"MO309","Control"
NA,452,"MO309","Control"
50.05,453,"MO309","EOD-FR"
55.73,453,"MO309","EOD-FR"
43.83,453,"MO309","EOD-FR"
NA,453,"MO309","EOD-FR"
62.24,454,"MO309","EOD-FR"
63.76,454,"MO309","EOD-FR"
58.48,454,"MO309","EOD-FR"
NA,454,"MO309","EOD-FR"
64.3,455,"MO309","EOD-FR"
51.55,455,"MO309","EOD-FR"
60.97,455,"MO309","EOD-FR"
NA,455,"MO309","EOD-FR"
49.06,456,"MO309","EOD-FR"
NA,456,"MO309","EOD-FR"
NA,456,"MO309","EOD-FR"
NA,456,"MO309","EOD-FR"
59.92,457,"MO310","Control"
41.1,457,"MO310","Control"
54.29,457,"MO310","Control"
NA,457,"MO310","Control"
53.63,458,"MO310","Control"
44.28,458,"MO310","Control"
49.62,458,"MO310","Control"
NA,458,"MO310","Control"
52.32,459,"MO310","Control"
62.25,459,"MO310","Control"
54.75,459,"MO310","Control"
63.05,459,"MO310","Control"
52.06,460,"MO310","Control"
49.91,460,"MO310","Control"
54.04,460,"MO310","Control"
54.01,460,"MO310","Control"
61.4,461,"MO310","EOD-FR"
64.18,461,"MO310","EOD-FR"
59.46,461,"MO310","EOD-FR"
64.16,461,"MO310","EOD-FR"
62.02,462,"MO310","EOD-FR"
63.15,462,"MO310","EOD-FR"
NA,462,"MO310","EOD-FR"
NA,462,"MO310","EOD-FR"
65.87,463,"MO310","EOD-FR"
61.46,463,"MO310","EOD-FR"
61.46,463,"MO310","EOD-FR"
57.39,463,"MO310","EOD-FR"
48.31,464,"MO310","EOD-FR"
57.09,464,"MO310","EOD-FR"
58.05,464,"MO310","EOD-FR"
NA,464,"MO310","EOD-FR"
54.57,465,"MO311","Control"
56.96,465,"MO311","Control"
53.13,465,"MO311","Control"
50.84,465,"MO311","Control"
50.97,466,"MO311","Control"
50.99,466,"MO311","Control"
47.81,466,"MO311","Control"
56.01,466,"MO311","Control"
53.29,467,"MO311","Control"
54.79,467,"MO311","Control"
51.16,467,"MO311","Control"
52.16,467,"MO311","Control"
66,468,"MO311","EOD-FR"
64.39,468,"MO311","EOD-FR"
66.57,468,"MO311","EOD-FR"
NA,468,"MO311","EOD-FR"
61.11,469,"MO311","EOD-FR"
68.61,469,"MO311","EOD-FR"
62.47,469,"MO311","EOD-FR"
63.48,469,"MO311","EOD-FR"
54.22,470,"MO311","EOD-FR"
52.67,470,"MO311","EOD-FR"
62.51,470,"MO311","EOD-FR"
53.13,470,"MO311","EOD-FR"
54.65,471,"MO311","EOD-FR"
57.52,471,"MO311","EOD-FR"
59.71,471,"MO311","EOD-FR"
60.19,471,"MO311","EOD-FR"
50.36,472,"MO315","Control"
NA,472,"MO315","Control"
NA,472,"MO315","Control"
NA,472,"MO315","Control"
51.2,473,"MO315","Control"
57.49,473,"MO315","Control"
51.27,473,"MO315","Control"
57.17,473,"MO315","Control"
45.17,474,"MO315","Control"
45.17,474,"MO315","Control"
41.9,474,"MO315","Control"
NA,474,"MO315","Control"
49.35,475,"MO315","Control"
52.09,475,"MO315","Control"
51.84,475,"MO315","Control"
46.44,475,"MO315","Control"
60.94,476,"MO315","EOD-FR"
57.88,476,"MO315","EOD-FR"
44.07,476,"MO315","EOD-FR"
NA,476,"MO315","EOD-FR"
59.57,477,"MO315","EOD-FR"
62.28,477,"MO315","EOD-FR"
68.65,477,"MO315","EOD-FR"
63.52,477,"MO315","EOD-FR"
54.17,478,"MO315","EOD-FR"
58,478,"MO315","EOD-FR"
NA,478,"MO315","EOD-FR"
NA,478,"MO315","EOD-FR"
61.2,479,"MO315","EOD-FR"
54.79,479,"MO315","EOD-FR"
56.28,479,"MO315","EOD-FR"
54.56,479,"MO315","EOD-FR"
47.95,480,"MO317","Control"
53.5,480,"MO317","Control"
50.41,480,"MO317","Control"
NA,480,"MO317","Control"
45.15,481,"MO317","Control"
50.06,481,"MO317","Control"
49.75,481,"MO317","Control"
42.08,481,"MO317","Control"
51.64,482,"MO317","Control"
NA,482,"MO317","Control"
NA,482,"MO317","Control"
NA,482,"MO317","Control"
61.33,483,"MO317","EOD-FR"
62.6,483,"MO317","EOD-FR"
58.55,483,"MO317","EOD-FR"
NA,483,"MO317","EOD-FR"
58.48,484,"MO317","EOD-FR"
60.13,484,"MO317","EOD-FR"
61.05,484,"MO317","EOD-FR"
NA,484,"MO317","EOD-FR"
56.01,485,"MO317","EOD-FR"
64.46,485,"MO317","EOD-FR"
63.62,485,"MO317","EOD-FR"
NA,485,"MO317","EOD-FR"
51.88,486,"MO321","Control"
48.27,486,"MO321","Control"
44.68,486,"MO321","Control"
46.84,486,"MO321","Control"
57.38,487,"MO321","Control"
51,487,"MO321","Control"
49.92,487,"MO321","Control"
53.17,487,"MO321","Control"
54.92,488,"MO321","Control"
49.84,488,"MO321","Control"
56.64,488,"MO321","Control"
52.24,488,"MO321","Control"
51.49,489,"MO321","Control"
49.93,489,"MO321","Control"
49.45,489,"MO321","Control"
54.38,489,"MO321","Control"
62.84,490,"MO321","EOD-FR"
57.68,490,"MO321","EOD-FR"
57.51,490,"MO321","EOD-FR"
59.69,490,"MO321","EOD-FR"
65.92,491,"MO321","EOD-FR"
62.95,491,"MO321","EOD-FR"
68.14,491,"MO321","EOD-FR"
62.93,491,"MO321","EOD-FR"
60.68,492,"MO321","EOD-FR"
47.09,492,"MO321","EOD-FR"
58.93,492,"MO321","EOD-FR"
58.91,492,"MO321","EOD-FR"
65.45,493,"MO321","EOD-FR"
48.24,493,"MO321","EOD-FR"
61.94,493,"MO321","EOD-FR"
62.91,493,"MO321","EOD-FR"
62.99,494,"MO322","Control"
63.76,494,"MO322","Control"
65.73,494,"MO322","Control"
62.64,494,"MO322","Control"
78.03,495,"MO322","Control"
NA,495,"MO322","Control"
NA,495,"MO322","Control"
NA,495,"MO322","Control"
62.92,496,"MO322","Control"
57.42,496,"MO322","Control"
62.56,496,"MO322","Control"
NA,496,"MO322","Control"
77.2,497,"MO322","EOD-FR"
70.56,497,"MO322","EOD-FR"
74.16,497,"MO322","EOD-FR"
NA,497,"MO322","EOD-FR"
77.98,498,"MO322","EOD-FR"
73.87,498,"MO322","EOD-FR"
64.64,498,"MO322","EOD-FR"
NA,498,"MO322","EOD-FR"
80.49,499,"MO322","EOD-FR"
68.52,499,"MO322","EOD-FR"
78.52,499,"MO322","EOD-FR"
53.24,499,"MO322","EOD-FR"
30.2,500,"MO323","Control"
NA,500,"MO323","Control"
NA,500,"MO323","Control"
NA,500,"MO323","Control"
65.76,501,"MO323","Control"
62.04,501,"MO323","Control"
57.51,501,"MO323","Control"
NA,501,"MO323","Control"
65.88,502,"MO323","Control"
NA,502,"MO323","Control"
NA,502,"MO323","Control"
NA,502,"MO323","Control"
53.87,503,"MO323","Control"
55.86,503,"MO323","Control"
NA,503,"MO323","Control"
NA,503,"MO323","Control"
52.97,504,"MO323","EOD-FR"
58.99,504,"MO323","EOD-FR"
NA,504,"MO323","EOD-FR"
NA,504,"MO323","EOD-FR"
62.85,505,"MO323","EOD-FR"
NA,505,"MO323","EOD-FR"
NA,505,"MO323","EOD-FR"
NA,505,"MO323","EOD-FR"
66.32,506,"MO323","EOD-FR"
66.27,506,"MO323","EOD-FR"
62.39,506,"MO323","EOD-FR"
NA,506,"MO323","EOD-FR"
72.95,507,"MO323","EOD-FR"
73.61,507,"MO323","EOD-FR"
64.26,507,"MO323","EOD-FR"
NA,507,"MO323","EOD-FR"
56.32,508,"MO325","Control"
NA,508,"MO325","Control"
NA,508,"MO325","Control"
NA,508,"MO325","Control"
50.58,509,"MO325","Control"
52.69,509,"MO325","Control"
54.42,509,"MO325","Control"
55.66,509,"MO325","Control"
51.65,510,"MO325","Control"
53.38,510,"MO325","Control"
48.55,510,"MO325","Control"
NA,510,"MO325","Control"
58.48,511,"MO325","EOD-FR"
NA,511,"MO325","EOD-FR"
NA,511,"MO325","EOD-FR"
NA,511,"MO325","EOD-FR"
72.85,512,"MO325","EOD-FR"
71.82,512,"MO325","EOD-FR"
NA,512,"MO325","EOD-FR"
NA,512,"MO325","EOD-FR"
58.74,513,"MO325","EOD-FR"
59.33,513,"MO325","EOD-FR"
NA,513,"MO325","EOD-FR"
NA,513,"MO325","EOD-FR"
61.76,514,"MO325","EOD-FR"
61.25,514,"MO325","EOD-FR"
56.63,514,"MO325","EOD-FR"
NA,514,"MO325","EOD-FR"
53.59,515,"MO326","Control"
54.58,515,"MO326","Control"
58.7,515,"MO326","Control"
NA,515,"MO326","Control"
61.46,516,"MO326","Control"
63.33,516,"MO326","Control"
54.69,516,"MO326","Control"
51.4,516,"MO326","Control"
59.92,517,"MO326","Control"
62.17,517,"MO326","Control"
55.1,517,"MO326","Control"
NA,517,"MO326","Control"
56.41,518,"MO326","Control"
52.27,518,"MO326","Control"
55.68,518,"MO326","Control"
NA,518,"MO326","Control"
69.24,519,"MO326","EOD-FR"
62.93,519,"MO326","EOD-FR"
72.02,519,"MO326","EOD-FR"
NA,519,"MO326","EOD-FR"
60.4,520,"MO326","EOD-FR"
69.17,520,"MO326","EOD-FR"
65.55,520,"MO326","EOD-FR"
66.51,520,"MO326","EOD-FR"
61.18,521,"MO326","EOD-FR"
60.64,521,"MO326","EOD-FR"
NA,521,"MO326","EOD-FR"
NA,521,"MO326","EOD-FR"
57.33,522,"MO326","EOD-FR"
60.96,522,"MO326","EOD-FR"
65.34,522,"MO326","EOD-FR"
NA,522,"MO326","EOD-FR"
48.76,523,"MO328","Control"
NA,523,"MO328","Control"
NA,523,"MO328","Control"
NA,523,"MO328","Control"
53.34,524,"MO328","Control"
55.89,524,"MO328","Control"
59.36,524,"MO328","Control"
NA,524,"MO328","Control"
60.79,525,"MO328","Control"
59.38,525,"MO328","Control"
57.46,525,"MO328","Control"
NA,525,"MO328","Control"
55.57,526,"MO328","Control"
59.63,526,"MO328","Control"
54.17,526,"MO328","Control"
NA,526,"MO328","Control"
72.46,527,"MO328","EOD-FR"
68.07,527,"MO328","EOD-FR"
NA,527,"MO328","EOD-FR"
NA,527,"MO328","EOD-FR"
77.15,528,"MO328","EOD-FR"
72.92,528,"MO328","EOD-FR"
58.05,528,"MO328","EOD-FR"
70.17,528,"MO328","EOD-FR"
64.21,529,"MO328","EOD-FR"
64.24,529,"MO328","EOD-FR"
55.5,529,"MO328","EOD-FR"
69.59,529,"MO328","EOD-FR"
68.27,530,"MO328","EOD-FR"
69.28,530,"MO328","EOD-FR"
73.6,530,"MO328","EOD-FR"
NA,530,"MO328","EOD-FR"
49.9,531,"MO337","Control"
53.59,531,"MO337","Control"
NA,531,"MO337","Control"
NA,531,"MO337","Control"
56.46,532,"MO337","Control"
58.81,532,"MO337","Control"
NA,532,"MO337","Control"
NA,532,"MO337","Control"
53.27,533,"MO337","Control"
51.08,533,"MO337","Control"
NA,533,"MO337","Control"
NA,533,"MO337","Control"
53.68,534,"MO337","Control"
45.6,534,"MO337","Control"
56.46,534,"MO337","Control"
NA,534,"MO337","Control"
58.45,535,"MO337","EOD-FR"
55.85,535,"MO337","EOD-FR"
NA,535,"MO337","EOD-FR"
NA,535,"MO337","EOD-FR"
62.99,536,"MO337","EOD-FR"
67.53,536,"MO337","EOD-FR"
69.61,536,"MO337","EOD-FR"
67.26,536,"MO337","EOD-FR"
63.66,537,"MO337","EOD-FR"
62.92,537,"MO337","EOD-FR"
53.84,537,"MO337","EOD-FR"
NA,537,"MO337","EOD-FR"
70.83,538,"MO337","EOD-FR"
66.8,538,"MO337","EOD-FR"
64.55,538,"MO337","EOD-FR"
NA,538,"MO337","EOD-FR"
48.89,539,"MO341","Control"
NA,539,"MO341","Control"
NA,539,"MO341","Control"
NA,539,"MO341","Control"
51.67,540,"MO341","Control"
49.85,540,"MO341","Control"
48.74,540,"MO341","Control"
46.65,540,"MO341","Control"
42.95,541,"MO341","Control"
46.68,541,"MO341","Control"
39.77,541,"MO341","Control"
NA,541,"MO341","Control"
44.01,542,"MO341","Control"
45.57,542,"MO341","Control"
47.26,542,"MO341","Control"
NA,542,"MO341","Control"
51.96,543,"MO341","EOD-FR"
57.95,543,"MO341","EOD-FR"
56.73,543,"MO341","EOD-FR"
NA,543,"MO341","EOD-FR"
59.72,544,"MO341","EOD-FR"
64.03,544,"MO341","EOD-FR"
59.11,544,"MO341","EOD-FR"
52.17,544,"MO341","EOD-FR"
50.58,545,"MO341","EOD-FR"
56.48,545,"MO341","EOD-FR"
50.07,545,"MO341","EOD-FR"
NA,545,"MO341","EOD-FR"
56.77,546,"MO341","EOD-FR"
53.97,546,"MO341","EOD-FR"
58.74,546,"MO341","EOD-FR"
NA,546,"MO341","EOD-FR"
54.88,547,"MO344","Control"
52.48,547,"MO344","Control"
NA,547,"MO344","Control"
NA,547,"MO344","Control"
42.23,548,"MO344","Control"
40.42,548,"MO344","Control"
52.58,548,"MO344","Control"
NA,548,"MO344","Control"
46.83,549,"MO344","Control"
54.39,549,"MO344","Control"
54.01,549,"MO344","Control"
NA,549,"MO344","Control"
49.54,550,"MO344","Control"
41.53,550,"MO344","Control"
50.12,550,"MO344","Control"
49.11,550,"MO344","Control"
60.69,551,"MO344","EOD-FR"
62.82,551,"MO344","EOD-FR"
68.1,551,"MO344","EOD-FR"
NA,551,"MO344","EOD-FR"
72.33,552,"MO344","EOD-FR"
66.09,552,"MO344","EOD-FR"
NA,552,"MO344","EOD-FR"
NA,552,"MO344","EOD-FR"
64.34,553,"MO344","EOD-FR"
59.99,553,"MO344","EOD-FR"
60.03,553,"MO344","EOD-FR"
NA,553,"MO344","EOD-FR"
57.98,554,"MO344","EOD-FR"
56.66,554,"MO344","EOD-FR"
NA,554,"MO344","EOD-FR"
NA,554,"MO344","EOD-FR"
44.93,555,"MO345","Control"
48.45,555,"MO345","Control"
48.59,555,"MO345","Control"
48.31,555,"MO345","Control"
44.28,556,"MO345","Control"
49.67,556,"MO345","Control"
45.37,556,"MO345","Control"
NA,556,"MO345","Control"
50.07,557,"MO345","Control"
NA,557,"MO345","Control"
NA,557,"MO345","Control"
NA,557,"MO345","Control"
40.45,558,"MO345","Control"
44.17,558,"MO345","Control"
NA,558,"MO345","Control"
NA,558,"MO345","Control"
56.49,559,"MO345","EOD-FR"
49.41,559,"MO345","EOD-FR"
53.59,559,"MO345","EOD-FR"
56.73,559,"MO345","EOD-FR"
54.87,560,"MO345","EOD-FR"
52.41,560,"MO345","EOD-FR"
48.74,560,"MO345","EOD-FR"
44.28,560,"MO345","EOD-FR"
35.1,561,"MO345","EOD-FR"
NA,561,"MO345","EOD-FR"
NA,561,"MO345","EOD-FR"
NA,561,"MO345","EOD-FR"
47.36,562,"MO345","EOD-FR"
50.29,562,"MO345","EOD-FR"
50.57,562,"MO345","EOD-FR"
50.73,562,"MO345","EOD-FR"
32.07,563,"MO346","Control"
NA,563,"MO346","Control"
NA,563,"MO346","Control"
NA,563,"MO346","Control"
53.69,564,"MO346","Control"
54.96,564,"MO346","Control"
53.65,564,"MO346","Control"
55.79,564,"MO346","Control"
58.81,565,"MO346","Control"
58.47,565,"MO346","Control"
51.33,565,"MO346","Control"
NA,565,"MO346","Control"
53.75,566,"MO346","Control"
52.76,566,"MO346","Control"
49.31,566,"MO346","Control"
50.01,566,"MO346","Control"
69.56,567,"MO346","EOD-FR"
54.17,567,"MO346","EOD-FR"
NA,567,"MO346","EOD-FR"
NA,567,"MO346","EOD-FR"
67.64,568,"MO346","EOD-FR"
65.15,568,"MO346","EOD-FR"
68.52,568,"MO346","EOD-FR"
67.64,568,"MO346","EOD-FR"
57.06,569,"MO346","EOD-FR"
61.33,569,"MO346","EOD-FR"
59.09,569,"MO346","EOD-FR"
58.25,569,"MO346","EOD-FR"
66.09,570,"MO346","EOD-FR"
67.17,570,"MO346","EOD-FR"
61.2,570,"MO346","EOD-FR"
58.92,570,"MO346","EOD-FR"
42.2,571,"MO352","Control"
NA,571,"MO352","Control"
NA,571,"MO352","Control"
NA,571,"MO352","Control"
54.29,572,"MO352","Control"
NA,572,"MO352","Control"
NA,572,"MO352","Control"
NA,572,"MO352","Control"
49.93,573,"MO352","Control"
50.18,573,"MO352","Control"
NA,573,"MO352","Control"
NA,573,"MO352","Control"
48.38,574,"MO352","Control"
45.37,574,"MO352","Control"
NA,574,"MO352","Control"
NA,574,"MO352","Control"
61.54,575,"MO352","EOD-FR"
67.8,575,"MO352","EOD-FR"
NA,575,"MO352","EOD-FR"
NA,575,"MO352","EOD-FR"
52.51,576,"MO352","EOD-FR"
50.4,576,"MO352","EOD-FR"
NA,576,"MO352","EOD-FR"
NA,576,"MO352","EOD-FR"
51.23,577,"MO352","EOD-FR"
50.32,577,"MO352","EOD-FR"
NA,577,"MO352","EOD-FR"
NA,577,"MO352","EOD-FR"
46.6,578,"MO354","Control"
47.6,578,"MO354","Control"
NA,578,"MO354","Control"
NA,578,"MO354","Control"
55.94,579,"MO354","Control"
55.94,579,"MO354","Control"
58.37,579,"MO354","Control"
58.37,579,"MO354","Control"
54.43,580,"MO354","Control"
59.7,580,"MO354","Control"
58.79,580,"MO354","Control"
57.44,580,"MO354","Control"
49.95,581,"MO354","Control"
54.97,581,"MO354","Control"
53.08,581,"MO354","Control"
NA,581,"MO354","Control"
67.35,582,"MO354","EOD-FR"
57.45,582,"MO354","EOD-FR"
NA,582,"MO354","EOD-FR"
NA,582,"MO354","EOD-FR"
67.23,583,"MO354","EOD-FR"
68.44,583,"MO354","EOD-FR"
NA,583,"MO354","EOD-FR"
NA,583,"MO354","EOD-FR"
62.34,584,"MO354","EOD-FR"
64.76,584,"MO354","EOD-FR"
63.94,584,"MO354","EOD-FR"
61.48,584,"MO354","EOD-FR"
57.18,585,"MO354","EOD-FR"
60.53,585,"MO354","EOD-FR"
59.83,585,"MO354","EOD-FR"
62.9,585,"MO354","EOD-FR"
61.85,586,"MO355","Control"
68.87,586,"MO355","Control"
63.47,586,"MO355","Control"
64.71,586,"MO355","Control"
68.34,587,"MO355","Control"
69.22,587,"MO355","Control"
53.77,587,"MO355","Control"
NA,587,"MO355","Control"
62.42,588,"MO355","Control"
70.95,588,"MO355","Control"
NA,588,"MO355","Control"
NA,588,"MO355","Control"
61.88,589,"MO355","Control"
54.56,589,"MO355","Control"
NA,589,"MO355","Control"
NA,589,"MO355","Control"
77.02,590,"MO355","EOD-FR"
70.79,590,"MO355","EOD-FR"
69.68,590,"MO355","EOD-FR"
70.39,590,"MO355","EOD-FR"
68.32,591,"MO355","EOD-FR"
70.83,591,"MO355","EOD-FR"
77.07,591,"MO355","EOD-FR"
NA,591,"MO355","EOD-FR"
64.66,592,"MO355","EOD-FR"
65.57,592,"MO355","EOD-FR"
70.99,592,"MO355","EOD-FR"
NA,592,"MO355","EOD-FR"
67.63,593,"MO355","EOD-FR"
77.97,593,"MO355","EOD-FR"
78.12,593,"MO355","EOD-FR"
NA,593,"MO355","EOD-FR"
59.69,594,"MO357","Control"
65.44,594,"MO357","Control"
55.32,594,"MO357","Control"
NA,594,"MO357","Control"
66.82,595,"MO357","Control"
68.47,595,"MO357","Control"
65.05,595,"MO357","Control"
64.84,595,"MO357","Control"
62.96,596,"MO357","Control"
60.17,596,"MO357","Control"
64.33,596,"MO357","Control"
NA,596,"MO357","Control"
54.68,597,"MO357","Control"
67.57,597,"MO357","Control"
NA,597,"MO357","Control"
NA,597,"MO357","Control"
54.6,598,"MO357","EOD-FR"
73.1,598,"MO357","EOD-FR"
91.02,598,"MO357","EOD-FR"
76.93,598,"MO357","EOD-FR"
79.65,599,"MO357","EOD-FR"
81.77,599,"MO357","EOD-FR"
84.04,599,"MO357","EOD-FR"
NA,599,"MO357","EOD-FR"
76.09,600,"MO357","EOD-FR"
69.11,600,"MO357","EOD-FR"
69.59,600,"MO357","EOD-FR"
54.3,600,"MO357","EOD-FR"
51.2,601,"MO360","Control"
NA,601,"MO360","Control"
NA,601,"MO360","Control"
NA,601,"MO360","Control"
65.73,602,"MO360","Control"
62.76,602,"MO360","Control"
54.92,602,"MO360","Control"
64.09,602,"MO360","Control"
57.85,603,"MO360","Control"
51.93,603,"MO360","Control"
64.41,603,"MO360","Control"
NA,603,"MO360","Control"
55.8,604,"MO360","Control"
61.83,604,"MO360","Control"
68.67,604,"MO360","Control"
65.91,604,"MO360","Control"
76.62,605,"MO360","EOD-FR"
75.09,605,"MO360","EOD-FR"
78.84,605,"MO360","EOD-FR"
NA,605,"MO360","EOD-FR"
75.59,606,"MO360","EOD-FR"
55.44,606,"MO360","EOD-FR"
47.77,606,"MO360","EOD-FR"
NA,606,"MO360","EOD-FR"
71.41,607,"MO360","EOD-FR"
71.06,607,"MO360","EOD-FR"
NA,607,"MO360","EOD-FR"
NA,607,"MO360","EOD-FR"
74.55,608,"MO360","EOD-FR"
70.13,608,"MO360","EOD-FR"
68.35,608,"MO360","EOD-FR"
64.79,608,"MO360","EOD-FR"
48.23,609,"MO364","Control"
50.1,609,"MO364","Control"
45.35,609,"MO364","Control"
47.84,609,"MO364","Control"
52.93,610,"MO364","Control"
48.14,610,"MO364","Control"
50.7,610,"MO364","Control"
NA,610,"MO364","Control"
48.22,611,"MO364","Control"
51.55,611,"MO364","Control"
NA,611,"MO364","Control"
NA,611,"MO364","Control"
46.22,612,"MO364","Control"
44.55,612,"MO364","Control"
NA,612,"MO364","Control"
NA,612,"MO364","Control"
60.88,613,"MO364","EOD-FR"
51.71,613,"MO364","EOD-FR"
NA,613,"MO364","EOD-FR"
NA,613,"MO364","EOD-FR"
62.48,614,"MO364","EOD-FR"
61.57,614,"MO364","EOD-FR"
NA,614,"MO364","EOD-FR"
NA,614,"MO364","EOD-FR"
53.71,615,"MO364","EOD-FR"
53.56,615,"MO364","EOD-FR"
NA,615,"MO364","EOD-FR"
NA,615,"MO364","EOD-FR"
54.35,616,"MO364","EOD-FR"
61.47,616,"MO364","EOD-FR"
61.41,616,"MO364","EOD-FR"
NA,616,"MO364","EOD-FR"
56.32,617,"MO365","Control"
58.99,617,"MO365","Control"
47.51,617,"MO365","Control"
57.45,617,"MO365","Control"
57.8,618,"MO365","Control"
59.74,618,"MO365","Control"
63.7,618,"MO365","Control"
NA,618,"MO365","Control"
47.17,619,"MO365","Control"
51.45,619,"MO365","Control"
47.95,619,"MO365","Control"
55.23,619,"MO365","Control"
55.84,620,"MO365","Control"
47.36,620,"MO365","Control"
56.61,620,"MO365","Control"
45.28,620,"MO365","Control"
64.38,621,"MO365","EOD-FR"
59.87,621,"MO365","EOD-FR"
64.81,621,"MO365","EOD-FR"
58.48,621,"MO365","EOD-FR"
63.2,622,"MO365","EOD-FR"
66.32,622,"MO365","EOD-FR"
60.86,622,"MO365","EOD-FR"
66.27,622,"MO365","EOD-FR"
58,623,"MO365","EOD-FR"
51.74,623,"MO365","EOD-FR"
66.52,623,"MO365","EOD-FR"
56.78,623,"MO365","EOD-FR"
61.61,624,"MO365","EOD-FR"
57.89,624,"MO365","EOD-FR"
64.72,624,"MO365","EOD-FR"
62.1,624,"MO365","EOD-FR"
48.74,625,"MO368","Control"
51.51,625,"MO368","Control"
37.32,625,"MO368","Control"
NA,625,"MO368","Control"
55.15,626,"MO368","Control"
60.59,626,"MO368","Control"
59.11,626,"MO368","Control"
NA,626,"MO368","Control"
71.35,627,"MO368","EOD-FR"
67.03,627,"MO368","EOD-FR"
66.42,627,"MO368","EOD-FR"
NA,627,"MO368","EOD-FR"
63.02,628,"MO368","EOD-FR"
64.62,628,"MO368","EOD-FR"
71.41,628,"MO368","EOD-FR"
67.72,628,"MO368","EOD-FR"
61.31,629,"MO368","EOD-FR"
NA,629,"MO368","EOD-FR"
NA,629,"MO368","EOD-FR"
NA,629,"MO368","EOD-FR"
59.19,630,"MO368","EOD-FR"
NA,630,"MO368","EOD-FR"
NA,630,"MO368","EOD-FR"
NA,630,"MO368","EOD-FR"
60.86,631,"MO369","Control"
54.8,631,"MO369","Control"
54.33,631,"MO369","Control"
53.96,631,"MO369","Control"
62.24,632,"MO369","Control"
50.15,632,"MO369","Control"
58.55,632,"MO369","Control"
57.73,632,"MO369","Control"
53.97,633,"MO369","Control"
61.96,633,"MO369","Control"
66.92,633,"MO369","Control"
NA,633,"MO369","Control"
58.35,634,"MO369","Control"
61.39,634,"MO369","Control"
62.57,634,"MO369","Control"
58.02,634,"MO369","Control"
62.65,635,"MO369","EOD-FR"
70.94,635,"MO369","EOD-FR"
72.37,635,"MO369","EOD-FR"
NA,635,"MO369","EOD-FR"
54.04,636,"MO369","EOD-FR"
64.1,636,"MO369","EOD-FR"
60.87,636,"MO369","EOD-FR"
59.56,636,"MO369","EOD-FR"
68.56,637,"MO369","EOD-FR"
74.18,637,"MO369","EOD-FR"
75.7,637,"MO369","EOD-FR"
NA,637,"MO369","EOD-FR"
75.36,638,"MO369","EOD-FR"
52.86,638,"MO369","EOD-FR"
75.41,638,"MO369","EOD-FR"
66.31,638,"MO369","EOD-FR"
72.75,639,"MO378","Control"
59.29,639,"MO378","Control"
67.68,639,"MO378","Control"
60.8,639,"MO378","Control"
70.53,640,"MO378","Control"
75.92,640,"MO378","Control"
68.09,640,"MO378","Control"
75.48,640,"MO378","Control"
64.89,641,"MO378","Control"
53.4,641,"MO378","Control"
NA,641,"MO378","Control"
NA,641,"MO378","Control"
71.52,642,"MO378","Control"
65.91,642,"MO378","Control"
NA,642,"MO378","Control"
NA,642,"MO378","Control"
59.24,643,"MO378","EOD-FR"
NA,643,"MO378","EOD-FR"
NA,643,"MO378","EOD-FR"
NA,643,"MO378","EOD-FR"
84.28,644,"MO378","EOD-FR"
85.45,644,"MO378","EOD-FR"
92.27,644,"MO378","EOD-FR"
80.03,644,"MO378","EOD-FR"
84.4,645,"MO378","EOD-FR"
70.47,645,"MO378","EOD-FR"
NA,645,"MO378","EOD-FR"
NA,645,"MO378","EOD-FR"
73.61,646,"MO378","EOD-FR"
88.87,646,"MO378","EOD-FR"
NA,646,"MO378","EOD-FR"
NA,646,"MO378","EOD-FR"
51.54,647,"MO379","Control"
NA,647,"MO379","Control"
NA,647,"MO379","Control"
NA,647,"MO379","Control"
56.78,648,"MO379","Control"
NA,648,"MO379","Control"
NA,648,"MO379","Control"
NA,648,"MO379","Control"
51.25,649,"MO379","Control"
50.4,649,"MO379","Control"
50.76,649,"MO379","Control"
NA,649,"MO379","Control"
56.53,650,"MO379","Control"
NA,650,"MO379","Control"
NA,650,"MO379","Control"
NA,650,"MO379","Control"
45.83,651,"MO379","EOD-FR"
49.07,651,"MO379","EOD-FR"
NA,651,"MO379","EOD-FR"
NA,651,"MO379","EOD-FR"
68.78,652,"MO379","EOD-FR"
63.7,652,"MO379","EOD-FR"
67.57,652,"MO379","EOD-FR"
64.25,652,"MO379","EOD-FR"
58.49,653,"MO379","EOD-FR"
69.88,653,"MO379","EOD-FR"
63.49,653,"MO379","EOD-FR"
NA,653,"MO379","EOD-FR"
63.19,654,"MO379","EOD-FR"
76.59,654,"MO379","EOD-FR"
NA,654,"MO379","EOD-FR"
NA,654,"MO379","EOD-FR"
52.38,655,"MO382","Control"
51.65,655,"MO382","Control"
40.72,655,"MO382","Control"
52.45,655,"MO382","Control"
51.12,656,"MO382","Control"
55.78,656,"MO382","Control"
60.73,656,"MO382","Control"
57.87,656,"MO382","Control"
48.14,657,"MO382","Control"
49.5,657,"MO382","Control"
52.81,657,"MO382","Control"
52.86,657,"MO382","Control"
59.11,658,"MO382","Control"
56.19,658,"MO382","Control"
50.11,658,"MO382","Control"
NA,658,"MO382","Control"
64.34,659,"MO382","EOD-FR"
58.59,659,"MO382","EOD-FR"
NA,659,"MO382","EOD-FR"
NA,659,"MO382","EOD-FR"
54.96,660,"MO382","EOD-FR"
62.31,660,"MO382","EOD-FR"
60.9,660,"MO382","EOD-FR"
62.14,660,"MO382","EOD-FR"
57.97,661,"MO382","EOD-FR"
54.13,661,"MO382","EOD-FR"
61.2,661,"MO382","EOD-FR"
60.35,661,"MO382","EOD-FR"
56.39,662,"MO382","EOD-FR"
58.87,662,"MO382","EOD-FR"
62.67,662,"MO382","EOD-FR"
NA,662,"MO382","EOD-FR"
51.81,663,"MO383","Control"
NA,663,"MO383","Control"
NA,663,"MO383","Control"
NA,663,"MO383","Control"
50.52,664,"MO383","Control"
52.55,664,"MO383","Control"
NA,664,"MO383","Control"
NA,664,"MO383","Control"
58.3,665,"MO383","Control"
49.35,665,"MO383","Control"
56.1,665,"MO383","Control"
NA,665,"MO383","Control"
67.83,666,"MO383","EOD-FR"
65.38,666,"MO383","EOD-FR"
NA,666,"MO383","EOD-FR"
NA,666,"MO383","EOD-FR"
48.8,667,"MO383","EOD-FR"
51.42,667,"MO383","EOD-FR"
NA,667,"MO383","EOD-FR"
NA,667,"MO383","EOD-FR"
57.91,668,"MO383","EOD-FR"
56,668,"MO383","EOD-FR"
NA,668,"MO383","EOD-FR"
NA,668,"MO383","EOD-FR"
58.84,669,"MO384","Control"
NA,669,"MO384","Control"
NA,669,"MO384","Control"
NA,669,"MO384","Control"
66.14,670,"MO384","Control"
54.22,670,"MO384","Control"
NA,670,"MO384","Control"
NA,670,"MO384","Control"
60.17,671,"MO384","Control"
55.77,671,"MO384","Control"
60.06,671,"MO384","Control"
62.64,671,"MO384","Control"
53.97,672,"MO384","Control"
67.85,672,"MO384","Control"
64.6,672,"MO384","Control"
62.41,672,"MO384","Control"
86.81,673,"MO384","EOD-FR"
76.33,673,"MO384","EOD-FR"
NA,673,"MO384","EOD-FR"
NA,673,"MO384","EOD-FR"
72.42,674,"MO384","EOD-FR"
66.11,674,"MO384","EOD-FR"
NA,674,"MO384","EOD-FR"
NA,674,"MO384","EOD-FR"
72.2,675,"MO384","EOD-FR"
NA,675,"MO384","EOD-FR"
NA,675,"MO384","EOD-FR"
NA,675,"MO384","EOD-FR"
80.03,676,"MO384","EOD-FR"
NA,676,"MO384","EOD-FR"
NA,676,"MO384","EOD-FR"
NA,676,"MO384","EOD-FR"
